hu_own,single_unit,hu_blt1979,hu_no_mor,hu_med_val,hu_ex_1000,edu,wh_race,af_race,non_us,hh_med_income,hh_gini_index,high_income,geoid,hu,n_s,n_e,solar_E,SMR_s,se_SMR_s,EV_E,SMR_e,se_SMR_e
1.0205080598850154,1.1115097165182992,1.403690141069049,1.1605679984143324,0.10161073378712318,0.6279839310564109,0.5967234595690574,0.6507192297028009,-0.7752338367459789,-0.8708773681053812,1.0657646939864898,-0.8437201317968737,0.9554533231629672,53033002400,1247,17,5,12.51360802797628,1.3585210565964376,0.32948975358663646,3.5199674755901658,1.4204676704183719,0.6352524541792492
1.0137140970216707,0.9014708786484954,0.8900668196431406,1.3828956702080952,0.5807101493445911,0.6512290915090095,0.0210430288910655,0.6613031832459321,-0.5384301604078308,-0.7107933687753262,0.790039785587806,-0.00707231703977665,0.8550821496242212,53033003800,856,18,3,8.589934620647712,2.0954757858963466,0.4939083793398389,2.4162727819608514,1.2415816717371797,0.7168275123983663
-1.3038969449065576,-1.8290340136589585,-0.4143951488056828,-1.4878903617744021,-1.1493343609029267,-1.1386189248918315,0.8943304537902016,-0.0121179685214361,-0.1650625061029894,0.21278253194861346,-1.1842187014188352,0.09463780946010536,-0.8900224298621264,53033007402,3448,2,0.5,34.60057777102022,0.05780250298811784,0.040872541832453806,10.232837093692776,0.048862304307393446,0.06910173344031711
-0.9954034850789292,-0.9613325850820629,-2.0336111736976874,-1.1726705619772142,-1.0118823906464396,-0.8961329215784625,-0.6431219460570649,-1.4822482067175968,1.631448062214641,1.025476812473237,-1.0853027983006533,0.5063997731934999,-0.9564969580340775,53033009000,1742,7,1,17.48091835183214,0.4004366280485684,0.15135081909396908,4.917228021233416,0.20336661136759007,0.20336661136759007
0.7237838641892269,0.5984640305740236,0.7380061024778886,0.32661006528273673,0.02958061475848342,0.6475849497607965,0.23977364897820422,0.8973275846306942,-0.7089118461628966,-0.5397865021211672,-0.10179817565179186,-0.6370189069745322,0.22113507710944666,53033009800,3026,32,7,30.36582028280371,1.0538164193154278,0.18629018405591632,8.541637194174692,0.819515022807797,0.30974756371869383
-0.45055803277694184,-0.12806375287726598,0.28344825882332964,-0.30041603151729146,-1.3449390878063894,-0.6566619817897169,-0.9554783491623675,-0.662833308705412,0.8085618855654805,0.9381231172175226,-0.9718521655560918,-0.21705451368469547,-1.2692373401185202,53033011402,1875,4,2,18.815569408544928,0.212589898989899,0.1062949494949495,5.292653581982005,0.37788227946916475,0.26720312230287646
0.06969793933898538,-0.3243295521982307,-0.49272144741004176,-0.1208273440429101,1.0961550378064182,0.364680067865408,0.7389365798244655,0.6866040745384883,-0.38328547553719067,-0.4532303733980544,0.11941243509583123,-0.011993774773642291,0.33513994005137754,53033009600,2727,32,10,27.365364147787744,1.1693613805825027,0.20671584046688773,7.697635369634629,1.2991002456998237,0.41081156852958056
1.296626119847826,1.3077755158392637,1.0497269169834522,0.8305664340763468,-0.06756092191316897,1.565451868171552,0.09886623266782042,-0.22890728221489734,0.47938307189464757,-0.7133421909704937,0.35559272997236907,0.21767425280673727,0.4803221676594338,53033010200,1902,51,11,19.086513608027975,2.672043781665233,0.37416096911167135,5.368867793562546,2.0488491098978767,0.6177512499622629
-0.00605570394438478,-0.0833013775935372,0.1488022438646782,-0.643258902046694,-0.6497493151630018,0.12203021501479881,-0.6149586866902758,-1.2868185148852205,1.7702542932305525,1.164795853149508,-0.607614015891523,-0.3581363020554999,-0.8973001688807404,53033010300,2545,41,4,25.538999543864982,1.6053878668809909,0.2507194624611291,7.183895128610242,0.5568010011824628,0.2784005005912314
1.3454638943100545,1.4455059013276599,-0.17516400763116236,2.2034017272439437,-0.7125278592705321,0.6601391275071189,-1.452021533247051,-2.7450074591655467,0.5015510497686901,0.9681846914601998,-0.5013401324387896,-0.6271759915068009,-0.5665360127464945,53033010401,1400,15,3,14.048958491713547,1.0676948051948052,0.2756776132901102,3.951848007879897,0.7591385078621613,0.43828882186642965
-0.7184126249259899,0.21970547048093422,-2.8519791170048596,-0.31435290565598506,-1.087877470355555,-0.9362502416647323,-2.074073575945908,-2.722597333683717,3.084173380826356,1.0266657129022718,-1.6393260959046871,1.1412678208621194,-1.5862109418110957,53033011001,1642,9,3,16.477421316709744,0.5462019709888164,0.1820673236629388,4.634953163527708,0.6472557314293702,0.373693270775275
0.4281884494933177,0.43663082762515837,0.7390626575375981,0.31656814553704044,-0.11778375719919311,0.42134475899121937,-1.4863015007643603,-1.0761284384004108,0.39512408639147517,1.9498752882136663,-0.4571560042229366,-0.1596375067896006,-0.3105868438915584,53033011102,1481,21,4,14.861791090162688,1.4130194585967712,0.3083461251173916,4.18049064262152,0.9568254881899849,0.47841274409499246
0.8518455411063549,0.9668928117554836,1.3087691700725343,0.3727755185214877,-0.6920422290880748,0.7491308436114925,-0.1148725700739078,0.34511694338440585,-0.3218803645021732,-0.4226500889858368,0.022091365153611306,-0.9142610259822753,0.24974683158557612,53033011500,1945,17,2,19.518017333130608,0.8709901067227545,0.21124612993446562,5.490245982376,0.3642824030872411,0.2575865574899195
-0.17570748906685327,0.01655315188554971,0.09094532242229554,-0.16419065499385258,-0.7290485287725137,-0.3196591865594293,-1.8234573474623819,-1.7843881294120658,2.925164395553564,1.782115487676584,-1.292812342218422,1.0690864407654292,-1.1937533850973117,53033011800,2782,22,4,27.917287517105063,0.7880421758926431,0.16801115641874548,7.852886541372768,0.5093668396870481,0.25468341984352405
1.7424573203053024,1.2423535827322758,1.3068485769716158,2.044410788529373,-0.17131072638561368,1.6811555498900028,0.4058554260989725,0.4689154468585793,-0.6462774404109045,-0.9461358087239231,1.288425153075896,-0.453284484910228,1.0679965871869368,53033012100,1177,30,4,11.811160103390604,2.5399706495713295,0.4637330733904222,3.3223750751961707,1.203957984714841,0.6019789923574205
-0.8144425734107962,-0.7375207086634191,-0.9359188660258012,-0.4265756744291077,-0.2942245074803568,-0.8085719414785678,-0.5193280502052956,-0.43016693899360203,0.5360000989189525,0.07385132210736914,-1.07152923905371,1.4562411158294966,-0.8479984108084648,53033000100,3400,13,3,34.11889919416147,0.3810204991087344,0.10567607281072486,9.597345161994037,0.3125864444138311,0.1804718678273534
0.20174693137979796,0.05442900789485869,-0.15202939302810844,0.5437752164336745,-0.7455691982744953,-0.17640860430976454,-0.1885361265351968,-0.4323032935956255,0.054301746519036,1.0232482366693811,-0.6635056694672782,-0.6616261956438586,-0.8856218397472606,53033000200,3572,18,2,35.84491409457199,0.5021632902371984,0.11836102259655715,10.082857917247853,0.19835645968776142,0.14025919773737214
0.3070369871748645,0.8704815419136058,0.6505499550408,0.8320426249193129,-0.7858796318593307,-0.06987057028757365,-0.6900782865870767,0.30478624685702055,-0.3327483544317267,-0.5370801257928541,-0.37031008855010245,0.4719495690564432,-0.18333485410097894,53033000300,1087,16,10,10.908012771780447,1.4668116305650805,0.3667029076412701,3.0683277032610348,3.2591042962496957,1.0306192708189201
-0.9165119945688133,-0.988878662179742,-1.4873356082085238,-0.5700054830668548,-1.0825908561149211,-1.0995048571165724,-0.3309342188689829,-0.47781574786555325,1.0656472848687828,0.19504985472196745,-1.5238456754816285,0.5851430969353438,-1.7490903522178918,53033000401,3301,5,1,33.1254371293903,0.15094140434946252,0.06750304814893612,9.317893052865386,0.10732039897071856,0.10732039897071856
-0.1737440816261665,-0.14872331070052544,-0.1223883608050046,-0.48223422558157836,-0.3292483268245581,-0.1005548684992456,0.40586330230026335,0.5244401162673646,0.093892717184987,-0.8140688672015137,-0.42725288217365087,0.709820026193264,-0.5885838254194806,53033000402,2299,17,5,23.07039683746389,0.7368750576667062,0.1787184526848785,6.489498978654203,0.7704755045722965,0.344567120644421
2.1193661338326284,1.555690209718377,1.281707217145935,2.365397929706248,0.7478993247046452,2.3577120336765605,0.7724044232668668,0.9312970238229908,-0.7210074203353395,-1.215335051092639,1.8444419921498827,-0.9503517160306213,1.6352844617438056,53033000500,1246,30,12,12.503573057625056,2.3993141689770905,0.4380528309635048,3.517144727013109,3.4118584623018484,0.9849187008234375
0.1390043686259208,0.10263464281579739,-0.5848940649552478,0.28461641781646685,-0.5962223459765813,-0.13109094291354356,-0.3706904660203396,-0.18417850904986263,-0.0730216929980135,-0.24749260431820858,-0.5213117933468577,-0.8929347091355264,-0.6251048147977818,53033000600,3345,19,7,33.56697582484415,0.5660325225347648,0.12985676655191836,9.442093990255898,0.7413609742948859,0.28020810995897383
0.0260114869939385,-0.2348048016307731,0.1532674858152855,0.2752950675261406,-0.8691438061493182,-0.24785661732606595,-0.41351312071410834,-0.1831045865426761,0.15617646591277326,0.6232928640705165,-0.8254174830359545,-0.35321484432163425,-0.7257042247975058,53033000700,2169,7,3,21.765850691804772,0.3216047054221328,0.1215551530021642,6.122541663636784,0.48999258229922815,0.2828973492913792
1.1290503105884238,1.3146620351136837,0.7305548736996531,1.5359983307644125,-0.23342844371306468,0.590164417134048,0.4212662376396204,0.7855157293606344,-0.7306795602080978,-0.8458763944281658,0.46063424233458644,-0.5861638437245903,0.8979011288728045,53033000800,1020,15,3,10.235669758248441,1.465463458110517,0.3783810378491709,2.879203548598211,1.0419548147127704,0.6015728927578446
1.594644838137321,1.404186785681141,0.6977437122970778,2.874727857318958,1.1443953927522048,1.4400446103438274,0.6859559813697896,0.7324215049432741,-0.7421779363797819,-0.6883312115737077,1.8338943454634071,-0.3089217247168471,1.5119609427597742,53033000900,844,25,7,8.469514976433024,2.9517628895590984,0.5903525779118197,2.382399799036167,2.938213814000466,1.1105404357971178
0.10175716334806638,0.3436628174204909,-0.11710415311844029,0.5023488200595784,-0.26250482203655234,-0.027584461827722923,-0.3149233615863839,-0.6785590121135172,1.7536540781137187,1.0813772974605633,-0.17653785767073318,-0.2826739501362325,-0.14830772854489582,53033001000,792,11,3,7.947696518169378,1.3840488215488216,0.4173064211464544,2.235616873029199,1.34191150379675,0.774752967945709
0.7701804215105474,0.9255736961089648,0.4355611997398287,0.7587790679634625,-0.394670178052405,0.6441539118105083,0.13077067242424797,0.1647992451639883,-0.3430196936925436,-0.20292065221330932,-0.3611760439968663,-0.39914844983771053,-0.07855832533511699,53033001100,1091,13,2,10.948152653185343,1.1874149376440852,0.32932964945597115,3.0796186975692628,0.6494310485835783,0.4592170983665384
-1.089719380905503,-1.095619710933249,-0.3307039127686633,-1.0321462052728276,-0.9471213661986716,-1.168296961974177,-0.25520621028207247,-0.3520161215205488,-0.2093120211814578,1.8235978522153689,-1.5459196164852826,1.71379740390178,-1.5946454566940427,53033001200,3568,15,3,35.8047742131671,0.41893854463921726,0.10816946709813739,10.071566922939624,0.29786824860062383,0.17197431351261255
-0.23075913874006093,-0.16593960888657497,-1.3203929009623816,-0.9824929444729568,-0.9841276658831103,-0.1998988016974669,0.1927145079794484,-0.15949837417674578,-0.25368386089418604,0.15240674563287682,-0.644077701687379,0.16189773182293063,-0.5708397191388793,53033001300,2180,14,3,21.876235365668236,0.6399638587711982,0.1710375356742578,6.153591897984412,0.4875201426637733,0.2814698856022943
1.3551694052515015,0.9600062924810638,0.8221416035877933,1.770280520372384,1.3347135054150334,1.6812451661837897,0.5914093519203758,0.7931001967037635,-0.7707110317998563,-0.45150415391707227,0.7857989791880887,0.12252606995200822,0.8378696650107657,53033001600,1767,56,14,17.73179261061274,3.1581691276088564,0.4220281016071104,4.987796735659842,2.806850547839721,0.7501623632782126
-0.23977566573178327,-0.3002267347377611,-1.1493576499230775,-0.7652813776047562,-0.9365481377174031,-0.2072388569336019,0.20649519591961624,0.0736005864928783,-0.45719676237362894,-0.5472559817887375,-0.3380147167368742,0.4981973436370578,-0.3111930297968236,53033001701,1979,20,4,19.859206325072222,1.0070895922336043,0.22519207876668834,5.58621943399594,0.7160477756489985,0.35802388782449923
0.217287848132962,0.34710607705770075,-0.8210655877290576,-0.05728454315636904,-0.5056890771057221,0.1353308703343559,0.40849564361786445,0.5277841933162122,-0.6811563496175239,-0.7387566692474148,-0.42507810966097564,-0.8634059627323344,-0.7212691434884074,53033001702,2074,28,5,20.812528508438497,1.3453435025276876,0.2542460239746327,5.854380548816362,0.8540613235350578,0.38194783527556603
0.011530259642508183,0.23347850902977385,-1.6822043924776795,-0.8932308357004488,-0.5618593534124596,0.18615434432010292,-0.06333314405842073,0.2958306510132689,-0.8195720257828923,0.04977691166551568,0.45835073119627723,-1.1636148844981156,0.5354006495655088,53033001800,2225,15,3,22.327809031473315,0.6718079673135853,0.17346007128366484,6.28061558395198,0.4776601847222588,0.2757772362305625
0.41691423544645506,0.057872267532068596,-0.6411835625108635,0.3460820247025683,-0.5321221483088925,0.33825081397429435,0.18671826605706485,0.13300926985743097,-0.4731879355751573,0.03577119802573736,-0.4756415705806766,1.415228968047287,-0.20992616257037863,53033001900,2175,17,4,21.826060513912118,0.7788854057819575,0.1889074587230049,6.139478155099126,0.6515211714985599,0.32576058574927996
0.4247839186629159,0.6260101076717028,-0.018464644483812367,0.3238296838789902,-0.08606407175538815,0.21190377897894858,0.484277819663773,0.823020250154377,-0.8202277811573128,-0.6573112827397094,0.2133626076434045,0.31446292157275363,0.34169384637309447,53033002000,1606,16,9,16.11616238406568,0.9927921808370128,0.2481980452092532,4.533334214753654,1.9852937316445065,0.6617645772148355
0.9252041041216318,0.6879887811414812,0.5640981180617315,1.2417411717390374,-0.04443198461039443,0.406077081852155,0.45617070475564786,0.3611770940281264,-0.6063688560464678,0.8995879453316339,0.4076060392338536,-0.45164399899893976,0.4631656735378895,53033002100,1723,17,4,17.290253915158885,0.9832128598814612,0.23846414551511066,4.863595798269331,0.8224367661110666,0.4112183830555333
0.7540193158989622,0.8498219840903468,0.6885376609305532,0.0625778857788748,0.6025174330872067,0.7267180642300607,0.379926055600137,0.6771841894997398,-0.6006050778427513,-0.6795604157931053,0.6141731817294628,-0.7830221530792013,0.7654332002098879,53033002600,1919,31,14,19.25710810399878,1.6097951900453205,0.28912775130933926,5.416854519372516,2.5845257519712286,0.690743562226473
0.7388735644725596,0.8670382822763963,1.3819151563194525,0.5245096259473988,0.2450101450643241,0.6086008323305915,0.4314588934067743,1.1154938052975798,-0.8389221843723466,-1.0119398919559868,1.0597115771595433,-0.5861638437245903,0.9518401153558729,53033002900,1878,42,9,18.8456743195986,2.2286281343789334,0.34388478695443653,5.301121827713176,1.6977538514489232,0.5659179504829744
0.7356801851960282,1.0013254081275826,1.2577959724262564,0.6467370015056114,0.2754081769479701,0.6068304494733029,0.08589110101058216,0.9524824687313707,-0.7683155906593321,-0.8149897513318964,0.5899244682131334,-1.311258616514074,0.6284081776157795,53033003000,2434,44,6,24.425117834879124,1.8014242673240208,0.27157492649793913,6.870570036556908,0.8732899843936119,0.35651914320790573
1.4001861767581452,1.2526833616439055,1.3669039873015658,1.1826940515458817,0.2767298305081285,1.3052814311061847,0.39453582250654307,1.261588713092216,-0.7632193142102298,-0.9058729540443504,0.9744242484541273,-1.7574707843845252,1.2320270625886682,53033003100,2610,48,10,26.19127261669454,1.8326715430163707,0.2645233521741671,7.367373786118952,1.3573357739553331,0.4292272595326307
0.08693802547659184,-0.09707441614237683,0.2655503559231639,0.3317498653742688,0.7452560175843285,0.1041163117129549,0.709782063131367,0.9966278078681852,-0.8212109800631926,-0.7744559644147911,0.18730158369984523,-0.21213305595082982,0.2432495622950391,53033003200,3971,64,8,39.84886726471035,1.6060682371435333,0.20075852964294166,11.209134599493623,0.713703625288022,0.25233233659929155
-0.2019509101802443,-0.0833013775935372,0.14876099269708162,-0.41197924564850746,-0.01998139374746154,-0.1629273303487814,1.0426914634901345,0.8929665108222014,-0.7057970975702189,-0.9821922064533954,0.401661661032541,-1.3079776446914975,0.5236624867788164,53033003300,3166,39,15,31.770716131975064,1.2275455119738128,0.19656459654408712,8.936821994962683,1.678449006644071,0.4333736700127246
0.7162052614074464,0.6673292233182218,1.3565430549385313,0.18915453552016057,0.5159491248968229,0.8365776787260647,0.8026175161643757,0.9300746640347175,-0.7607465366930861,-0.8424343727580722,0.8331727737558662,-1.1783792576997116,1.0220303910773212,53033003400,1506,43,5,15.112665348943287,2.845295585335426,0.43390350893732405,4.2510593570479465,1.1761774136863943,0.5260025301205339
0.2799329465012935,0.2162622108437243,0.6358550859106177,0.006268567309145313,0.765080820986706,0.3878888923304757,0.5874554732357091,0.729785763566272,-0.7709425363176782,-0.9908120240101397,0.2555169481807605,-0.32532658382973134,0.5561405326551142,53033003500,1841,44,6,18.474380416603314,2.381676625022633,0.3590512607800021,5.196680130362065,1.154583281919637,0.4713566510418482
0.2371511504991047,0.3367762981460707,0.34428589800764303,-0.39398326991433424,0.8205902705133646,0.2925337387215119,-0.17033655015054847,0.06976437732086536,-0.693497852710866,0.670742842074412,-0.3521869842778083,1.2790686374103482,-0.005147541398427667,53033004301,1411,25,6,14.15934316557701,1.7656186242295386,0.3531237248459077,3.982898242227525,1.5064406959702705,0.615001838815055
-1.9108361256176836,-1.6258816950635742,-1.3437237605955519,-1.2124666510987696,-0.10654970193784542,-1.9876444078410211,-2.238186434476691,-0.3299334121269821,-0.593567608015165,2.114363770897158,-2.0154892481804256,1.743326150304972,-2.215258247008134,53033004302,1440,0.5,0.5,14.450357305762505,0.03460122053872054,0.048933515360521075,4.56475795096218,0.10953483303416071,0.15490564642918261
-1.1310588610769332,-0.6720987755564309,0.39197668161212823,-0.5168435749910911,0.9091410590439861,-1.161357261884759,-0.8128882062403541,0.5598873704787019,-0.4467556510586358,-0.6635420657398646,-0.8703990278397886,1.612087277401898,-0.6046174145789395,53033004400,2382,23,4,23.90329937661548,0.9622102638475434,0.2006347093658738,6.72378711054994,0.5949028329174508,0.2974514164587254
0.5691805120724611,1.1115097165182992,0.972410343146158,0.29505613234109546,0.3229877051136776,0.4559293509260278,0.10708519801645945,0.5811196051163258,-0.6698640163726961,-1.081224081554862,0.5219628271920299,-0.453284484910228,0.7386117677405006,53033004500,1015,13,3,10.185494906492321,1.2763248246006866,0.353988815326566,2.8650898057129255,1.047087597051257,0.6045363060226616
-1.3344346758684311,-1.3538641837239918,-1.845172848178629,-1.1727805838505896,-0.18518808876727808,-1.2198173926416092,1.1283042798481848,0.7342489112787735,-0.5904057580712418,-0.27808197294927905,-0.0767520455474813,-0.11042292945094781,-0.18778361876766803,53033004700,4922,15,6,49.39212406872434,0.30369214288352847,0.07841297411746327,13.893568496274897,0.43185449451727986,0.17630385911581523
0.38172325882348607,0.4986095010949363,0.4783629424783517,0.30229384756967315,0.5278440069382497,0.2431484749940951,1.3291280353123833,1.1208117281085843,-0.7260976218004744,-0.9444759888119837,0.6756829976296294,-1.5770173341427984,0.9495740178743174,53033004800,2115,61,14,21.22396229283868,2.8741098932588294,0.3679920633171292,5.970113240475702,2.3450141456419797,0.6267313928664784
-1.2002125762210816,-0.7960561224959873,0.16508862161564455,-1.3010593147744722,0.3652806190387505,-1.0710512639624354,0.984862976002252,0.7937499091484962,-0.736849608678532,-0.5306621822322443,-0.09802856996315447,-1.2505606377964025,-0.09948778784868009,53033004900,3627,27,12,36.39683746388931,0.7418226934355966,0.1427638439153383,10.238109088985992,1.172091437559444,0.3383536534949002
-0.9518717780932471,-0.8063859014076171,-0.37725156886988825,-1.0096982085487456,0.7075888911198098,-0.8313167631013697,1.1093628515417255,0.9931537307614512,-0.6901764591972467,-0.9313411149508493,-0.3221751236028893,-0.30728123880555885,-0.17241550084035667,53033005000,1890,25,3,18.96609396381329,1.3181417348084015,0.2636283469616803,5.334994810637862,0.562324820638638,0.32465838656772567
0.680078536812203,0.6501129251321722,1.025114198903186,0.5587417651237063,1.2805257094485336,0.634372266647721,0.599676987381711,0.8360309320516931,-0.8027977337152764,-0.7016941819981857,0.890550521881949,-0.6288164774180901,0.9443522130504325,53033005100,1640,48,10,16.4573513760073,2.916629711751663,0.4209792373015708,4.629307666373594,2.160150225624036,0.6830994801098573
-1.1645420471249048,-0.9923219218169519,-0.5113573946485469,-0.6670223748146831,-0.031215449008809223,-1.2582328928983764,-1.1103903548600274,-0.4073342652499787,-0.6633456099265141,1.8149256168726913,-1.3058247310859292,2.325698648812362,-0.9096493705382753,53033005200,2865,21,2,28.750190056256653,0.7304299539901634,0.15939288352490644,8.087174673268505,0.24730515672065753,0.17487115333957884
-2.142340631964233,-1.8083744558356991,-0.5103990097216099,-1.488587469721233,-2.050041262150966,-2.1675734001309928,-2.7070430272473214,-0.8316615310696408,-0.6458201747497931,2.063712694929592,-2.256127826707948,2.7226962393441605,-2.3299031179349967,53033005301,2678,3,2,26.873650600577772,0.11163351211894901,0.06445163827245856,7.559320689358833,0.26457403808987445,0.18708209645925816
-0.17690531262448397,-0.5860172846261834,-0.6820008560486199,-0.6562142660626621,0.034206402219038215,-0.008696912633676009,1.2241688663094754,0.7665680223712473,-0.6803436146868745,-0.7795801507647648,0.3702361982243829,-1.3342254192721121,0.45459575690926535,53033005400,2766,35,9,27.75672799148548,1.2609555424089047,0.21314038833807805,7.807722564139855,1.152704892632349,0.384234964210783
1.9902092994363174,1.555690209718377,0.9731382738470635,1.8571645914774102,1.7127064236203733,2.2836439015451546,0.6837711419007724,0.9871508729220067,-0.7620958697900159,-0.8511398494901194,3.000406075053896,-1.1209622508046169,2.152938834641015,53033005600,2565,37,20,25.739698950889462,1.4374682497489515,0.23631832454233204,7.2403501001513835,2.762297364540678,0.6176684681181472
0.3669545002794053,0.2679111054018729,0.3147833258447058,-0.0926413046125041,1.4265684278460513,0.5562218365142196,-0.5414600074292205,0.7308122963791774,-0.5841639316042024,-0.8841444387300771,0.4767638051369281,0.8525423004753575,0.7004033269913501,53033005900,2658,33,9,26.672951193553292,1.2372084273890143,0.2153703429685148,7.502865717817691,1.19954166027881,0.39984722009293666
0.1488162514483532,-0.1728261281609948,-0.061441004861860896,-0.03392726827497095,0.8014262938910658,0.2587261771525645,0.7386227069396771,0.9333573777072313,-0.7663486564347602,-0.6879967797773154,0.7983039211359719,0.3456321538872339,1.1525872681425555,53033006000,2492,14,8,25.007146115250112,0.5598399727613211,0.14962352639240853,7.034289454026218,1.137286154100616,0.4020913758570573
-0.2931144123960975,-0.49304927442151575,0.8121885077065931,0.36745986107710066,2.5004119454748577,0.02141245213365211,1.147101783125932,1.1397036479898277,-0.7884989794767733,-1.044722211359298,0.8736597887001709,1.211808715047521,0.9436733296204947,53033006500,2434,27,14,24.425117834879124,1.1054194367670127,0.21273806979495977,6.870570036556908,2.0376766302517613,0.5445919868170097
-0.11194033270098877,-0.15560982997494524,0.38949352011487626,-0.7548821316642085,2.0550146957014332,0.2369329171174797,0.5778234647672138,0.8887570859380197,-0.7304643241728366,-0.26777441421764314,0.8784805344366011,0.622874272894978,0.9701400035547381,53033006800,1394,19,4,13.988748669606203,1.3582344245902354,0.311600347285629,3.934911516417555,1.0165412826466054,0.5082706413233027
0.18438436460445656,-0.27612391727729196,0.6861064381062799,-0.14072681331579842,1.7318704002426724,0.3391220746258449,0.7588104633804361,0.9704630546379335,-0.7582439898331697,-1.0858160170054458,0.9300226429870062,0.491635399991904,0.8432155803779745,53033006900,2186,32,9,21.936445187775583,1.4587595996562144,0.2578747012594706,6.170528389446754,1.45854608097945,0.48618202699315
-1.0301935296268234,-1.5535732426821662,0.4751095208053063,-0.47835491769558897,-0.35171643734725294,-0.9769295346960651,1.1551696946375356,0.564329998372635,-0.545911146375815,-0.7703328761003121,-0.25160375556657577,0.9870621452010081,-0.28900388807830885,53033007000,5116,11,6,51.33890831686179,0.2142624446181913,0.06460255776934948,14.441181720223968,0.4154784640371485,0.16961837266771745
-1.423944498052158,-1.8737963889426872,-1.6179164164563364,-1.2136273492652503,-1.1242229432599147,-1.3184073992193073,0.9912841759656669,0.35818834736002153,-0.4086541738676,0.8409402535482571,-0.013429919220085393,-0.3778221329909606,-0.07422966229990707,53033007100,2490,1,3,24.987076174547667,0.04002068881586954,0.04002068881586954,7.028643956872103,0.4268248638582433,0.24642745004538213
-1.729541700954688,-1.8359205329333783,-2.0953767177795894,-1.5687975320350949,-0.5816841568148374,-1.5985958304501107,0.8520932572298725,-0.3451702801298646,-0.3356747897928837,2.3652032459046106,0.0016485035344633743,0.05034468985531824,-0.04707241230083569,53033007200,4836,1,8,48.52911661851908,0.020606185928766573,0.020606185928766573,13.65081211864799,0.586045718779722,0.20719845091724293
-1.7492559963360592,-1.8634666100310575,-3.425486592146023,-1.3818892659504192,0.06262195376244672,-1.6683453818064973,0.9550944588453981,0.097608507162381,-0.18725814666559035,1.5776439814347916,0.07497458342016601,0.847620842741491,0.2429718330628915,53033007300,3761,2,1,37.74152349095332,0.052992031455206146,0.0374710247908271,10.616357398311639,0.09419426668501514,0.09419426668501514
-1.2091456299031846,-1.663757551072883,0.70457403817703,-1.240789074834919,-1.2676223545371152,-1.3207277476205157,1.5678318908962492,0.48997309707943576,-0.5148709630717007,0.4037693495113723,-0.2421072489278934,-0.315483668362001,-0.22180164056802876,53033007401,3511,2,0.5,35.23278090314733,0.05676531765964976,0.04013914105334682,10.410670254047371,0.04802764738472187,0.06792135030034638
-1.4059428300650518,-1.3882967800960908,-0.1565247949305949,-1.4081475836389503,0.18355325451695226,-1.1673161617583516,1.20186577734879,0.2497628644463492,-0.20048297397070342,-0.17977501814848226,-0.40213425965225125,-0.5517136395875335,-0.3805705944229167,53033007500,4905,21,2,49.22152957275353,0.4266425725141322,0.09310104205889032,13.845581770464927,0.14445041264111802,0.10214186632372954
-0.7134955780235237,-0.7340774490262091,0.31809219529670607,-0.8312498252713401,0.11020148192815359,-0.612368703573952,0.7246638187908071,0.3708946614385571,0.16944552198235796,-0.2665313527819941,-0.22887738280911857,-0.6714691111115889,-0.0827837091871185,53033007600,1999,23,6,20.0599057320967,1.1465657070959723,0.23907547659305228,5.642674405537082,1.063325573793923,0.43410084770787527
0.28215721694099105,0.3057869614111819,-0.5551890999909825,-0.9012865541648942,-0.160076671124266,0.5186494180977698,0.002084083209362422,0.16559023702362619,0.7506312102145617,0.20887712225505106,1.0916807330958704,-0.6517832801761273,1.252853358983072,53033007700,2260,41,11,22.679032993766153,1.807837221775275,0.2823367398068909,6.379411784148977,1.7242969057636113,0.5198950785080638
-1.03818296180299,-1.6396547336124139,-3.1684423656173104,-0.8549490491214109,-0.5076715574459596,-0.9045250732956402,1.3801219911276825,-0.17867035315555443,0.22127323174420174,1.3058428049209205,0.49129853476330837,-0.25642617555561786,0.4424664403067394,53033008001,3981,0.5,2,39.94921696822259,0.012515889870825816,0.017700141200489915,11.237362085264195,0.1779777126361929,0.12584924750512266
-1.3923465597904487,-1.7808283787380197,-0.936028757656589,-0.9331419445975463,0.05535285918157466,-1.3022128469707335,0.39678980091788235,0.24190592514156384,-0.10817526135171075,-0.39989607330766713,-1.342832110009954,2.184616860441557,-1.095471307474126,53033008002,2263,0.5,1,22.709137904819826,0.0220175685266273,0.03113754402083533,6.387880029880148,0.15654645912609014,0.15654645912609014
-1.342875548137261,-1.7946014172868594,-1.9779503007931407,-0.6341123948768245,0.9474690122885834,-1.076260995962314,0.37147309475030504,-0.19687401938207033,0.3143559936734827,1.4782399651517089,0.03687981823980335,1.2692257219426168,0.211956228101883,53033008100,2478,0.5,5,24.86665653033298,0.020107246802162058,0.028435941129600628,6.994770973947419,0.7148196872525059,0.3196770824703486
-1.6538035666532953,-1.8428070522077982,-0.3019107303768664,-1.0664865914135229,0.3196835712132811,-1.6853589974185568,1.21572473381993,0.05188359995104939,0.03148458715017981,2.0577717386465864,-0.6595185865273735,1.3102378697248267,-0.37051517750727975,53033008200,2557,0.5,1,25.65941918807967,0.019486021734750714,0.027557396213981365,7.217768111534927,0.13854698357541728,0.13854698357541728
-1.2424061718432111,-1.8324772732961683,-0.06286276454642811,-1.0371071967163417,-0.9220099485556593,-1.1559896793528561,1.0912670057415024,0.527961072279242,-0.49768576205068427,0.11223462223294593,-0.9142206939701962,0.1323689854197386,-1.034389898932115,53033008300,1975,0.5,0.5,19.819066443667325,0.025228231683927887,0.03567810740210144,6.074928439687713,0.08230549626452932,0.11639754907514549
-1.7782803763098953,-1.8255907540217486,-0.7924417942192415,-1.3346068645914513,-0.5982048263168191,-1.61780538526531,0.7166383909016342,0.2794266473058825,-0.19750529674240022,-0.22024377815060964,-1.1662043357721747,1.3135188415474048,-1.1313477706191335,53033008400,2978,3,1,29.88414170594496,0.10038769155626107,0.05795886074333245,8.406145262475953,0.11896058999407051,0.11896058999407051
-1.7835928332124225,-1.729179484179871,-0.22036991522306795,-1.1216777690751951,-0.8552664437676535,-1.811017348290748,-0.6478634275818034,-0.8776530468483504,1.2269589781519195,0.46748475124220645,-1.6176871094035676,2.3125747615220544,-1.7043024924912686,53033008500,1875,0.5,0.5,18.815569408544928,0.026573737373737374,0.03758093979688019,5.792653581982005,0.08631622673850985,0.12206957850647181
-1.374795582745893,-1.4399456746542394,-1.123796694471381,-1.2236974920743307,-0.3728628943097894,-1.3855245665861047,-1.5983834897723563,-0.30512923791766755,0.02813111811633846,0.4996972138049271,-1.128653263719981,0.6031884419595164,-1.5722115386110354,53033008600,1870,5,1,18.76539455678881,0.2664479014746394,0.11915912403189205,5.27853983909672,0.18944632994777644,0.18944632994777644
-0.5963054648750928,-0.24169132090519294,-0.025670155743753684,-0.9033530630505536,-0.3418040356460642,-0.5269674505100307,-0.16898941777115742,-0.7154639517939955,1.4524053448216634,0.17106949222634618,-0.6456725348633408,-0.37126018934580673,-0.44844659373096624,53033008700,1806,13,5,18.123156454310475,0.7173143394073627,0.19894720241221733,5.097883930165068,0.9807991057650662,0.4386266945523388
0.42149566025222585,0.7224213775135803,0.4256264126178449,0.12449821802510452,-0.27175639695766196,0.5247552114525227,-0.10772821171116408,0.8503304311948651,-0.8389221843723466,-0.5125507243345049,-0.07559216687405441,-1.1603339126755392,0.17713873012554116,53033001400,2209,30,5,22.167249505853732,1.3533478743981233,0.24708638631984015,6.235451606719066,0.801866539163291,0.3586056180903232
1.359636910885716,1.256126621281115,0.5761833225449915,0.9472264977876967,0.8589182237579619,1.6346517364296365,0.5647566129267075,1.2808783723516115,-0.8389221843723466,-1.125314248087809,0.7761574877152282,-1.0701071875546757,1.0448952082217793,53033001500,1107,26,6,11.108712178804925,2.3405053242451617,0.4590108584613034,3.124782674802176,1.920133533888032,0.7838912326721251
2.0054566519166377,1.2664564001927447,0.14402449881176335,2.803809587275964,0.7578117264058345,1.8218020279699791,0.4750268689180565,0.6507082927979084,-0.828946515634335,-0.9064629235002283,2.119224499126407,-0.41883428077317125,1.6224757114230708,53033002200,2171,37,16,21.78592063250722,1.6983445696020547,0.27920612733813066,6.128187160790898,2.6108863160006774,0.6527215790001694
1.0992396544363057,0.8980276190112855,0.7645310887275888,0.9516215245752117,0.011738291696343417,0.646957186841029,0.6821049177985037,0.9589050518601584,-0.7410916945519751,-0.8187077230507792,0.9750041877908407,-0.518903921361765,1.1133376080138784,53033002500,1266,23,5,12.704272464649536,1.8104145722629135,0.37749753373579104,3.57359969855425,1.3991494352383174,0.6257186495746634
0.8517435704243398,1.0460877834113111,0.9124304035673734,0.18828461760023882,0.5489904639007862,0.9389393768418344,0.47689174852724664,0.49293384566328546,-0.6286217798627576,-0.025945945193284314,1.3464553329557827,-0.36469824570065373,1.3099119144161544,53033002700,2319,26,19,23.27109624448837,1.1172658016125028,0.2191138509343091,6.5459539501953445,2.9025563186910293,0.6658920879531386
0.4063225352912374,0.5227123185554057,0.6202346317355482,0.25884896770098814,0.36461979225867125,0.2698489594767097,0.7121670294934596,0.9845265191626319,-0.47112453279668653,-0.35864405027433327,0.5819140561247791,-0.7502124348534328,0.6297472214532114,53033002800,2032,21,12,20.39105975368709,1.0298630994989262,0.2247345528045556,5.735825108579966,2.0921139980453263,0.6039412899734267
-1.0381807805073862,-0.5515846882540844,-0.6953552965699138,-0.3576699440118559,0.8364501132352672,-1.1894425343166788,0.7732496328107473,0.4520590061015392,-0.6978438719687918,-0.31934203480629564,-0.3385946560735877,0.41617304807263655,-0.21849607416901837,53033003600,3210,17,10,32.21225482742892,0.5277494571887095,0.12799804446184912,9.061022932353193,1.103628152655271,0.3489978652274661
1.1417964247387302,1.1493855725276083,1.1847744237333673,1.4164391156339267,0.7829231440488466,0.6526265672996202,0.3413801250395714,0.8092951892082845,-0.8389221843723466,-0.1233897081635483,1.3028511440766422,-1.0586237861756571,1.2332590168845512,53033003900,1161,26,7,11.65060057777102,2.231644611489573,0.43766151620728927,3.277211097963258,2.1359624969994777,0.8073179395458807
0.6639259786456373,-0.20725872453309385,0.7106106214294201,1.3803212824724946,1.3763455925600272,0.5800253702561768,0.23493240350716169,0.31301469515365055,0.047641193697417206,-0.5582295830592561,0.04351287440346303,1.4529601440069202,0.370738180338016,53033004000,1322,24,7,13.266230804318077,1.80910466235731,0.36928194283878796,3.731673618869446,1.8758339326901614,0.7089985838220632
0.06246264214468829,0.4056414908902688,1.2126104736538528,-0.6490637610891161,0.18421408129703143,0.24140176819967296,0.11320463678627078,-0.12227885347215287,0.7071006106025215,-0.6778571428324295,0.07287230332457988,-1.1915031449900195,0.2330197390932766,53033008800,1494,28,7,14.9922457047286,1.8676321447405786,0.35294929968098276,4.217186374123262,1.659874470559835,0.6273735795266181
0.7859082134224024,0.7224213775135803,0.4251940382072859,0.5198889705588348,3.154630457753331,1.1557809855324361,0.3148380606304503,0.7313620211396256,-0.8360709790014721,-0.1328531420098963,2.116904741779553,0.6425601038304387,1.5334493201623263,53033004100,2900,67,25,29.10141401854949,2.3022936259143156,0.2812699330230152,8.185970873465502,3.0540054913994994,0.6108010982798999
-2.0879114697199115,-1.8669098696682673,0.07412126660771756,-1.753759245101127,-0.6715565989056178,-1.9822123322145047,-0.3530194478747333,-0.9227325530502781,0.4201320480849937,-0.2751318134199884,-1.772023465386425,1.7252808052807995,-1.9690068885385965,53033009200,1734,1,0.5,17.40063858902235,0.057469155220020274,0.057469155220020274,5.394646032616959,0.0926844869852283,0.13107565851610248
1.1989385608629852,0.9668928117554836,1.0121981758045957,1.5067727448436268,1.1126757073084,1.1211795099900692,0.5464071632844352,0.7405523753943807,-0.6345093116443594,-0.6571145957089626,1.2895487855407783,-0.46968934402311224,1.4140359902624013,53033004200,3225,72,19,32.362779382697276,2.2247780126849896,0.2621926032340478,9.103364161009049,2.087140497068061,0.47882286882583835
0.8787339543608085,0.9049141382857049,0.7599445248483881,0.21252085310323798,1.242197756203936,1.0344844370348518,0.6639077722616686,0.9530080191250881,-0.7806370935171604,-0.9491363010192763,1.4278280711383835,-0.4385201117086329,1.1996457512228007,53033004600,1420,31,5,14.249657898738025,2.1754908237302604,0.39072968645255074,4.008302979421039,1.247410693670218,0.5578590213813548
-2.1440478974123156,-1.3676372222728312,1.458505666810143,-1.369359880402182,-0.29357044107654423,-2.221454811935559,-3.8768658037406967,-0.9818424507233742,-0.6699577057196655,1.3887270671033447,0.22590753911104192,2.755505957569929,-2.056146949858092,53033005302,126,0.5,0.5,1.2644062642542193,0.39544252044252043,0.5592401755488122,0.8556663207091908,0.5843399323998069,0.8263814574359845
0.6525576478683486,0.6225668480344934,0.6762099947948118,0.20964454080844983,0.9917444065538943,1.0358298607318663,0.32605096268850187,0.7689306021697452,-0.81186560803218,-0.9393621224740237,0.5957963539973564,-0.06284883802358329,0.8870387346710297,53033005700,2741,34,15,27.50585373270488,1.236100516290228,0.2119894896376988,7.737153849713428,1.9386973932999376,0.5005695145057593
-0.43179134879947534,-0.6170066213610724,0.5215962705763352,-0.7691793637686681,0.026276480858086974,-0.2656846612349823,0.40062500130798917,0.4584554755607751,0.4501738469943368,-0.3558496690224408,-0.28817617998806533,-0.9651160892322164,-0.5477423726559465,53033005801,2613,10,2,26.221377527748214,0.38136821718911273,0.12059921935153738,7.375842031850123,0.27115548182345345,0.19173587995326954
-0.5611839098023281,-0.8890241327006548,-0.611773683653064,-0.053208334776175946,0.10227156056720235,-0.6855552938448218,0.8370202055522523,0.4357809514585311,-0.1142273358140954,-0.2526343810813258,-0.43040630231703025,-0.3564958161442116,-0.3828670673832056,53033005802,2701,16,4,27.10445491865592,0.590308864281467,0.14757721607036675,7.624243906631145,0.5246421873414912,0.2623210936707456
-0.5396303228451215,-0.7099746315657397,0.14971874349002645,-0.040700781178466997,1.2065131100796558,-0.4023584811780581,1.0242667561140568,0.7362602604120472,-0.6283012016086009,-0.8079493414215135,0.08940057442091186,0.491635399991904,0.2941421524473518,53033006100,2925,23,8,29.35228827733009,0.7835845635845636,0.1633886761400039,8.256539587891929,0.968928921715807,0.3425681055165083
1.444925145229603,1.1011799376066695,1.0544737768700845,2.167532721112502,2.0986292631866643,1.5767593703709364,0.42178173367265837,0.8971601846221118,-0.7008881955830247,-1.0509682944559875,2.062970383465206,-0.4713298299344014,1.8436046497839766,53033006200,1594,40,13,15.995742739850996,2.500665373940154,0.39538991237837784,4.499461231828969,2.8892348061671553,0.8013295569608415
0.5544405613783907,0.09919138317858786,0.8176509474465546,1.767571650481387,3.9350668850269446,0.9545170209224447,1.0300610142260676,0.9066491409225531,-0.6882575874909593,-0.9036184565195459,2.0836669685441653,1.7679334389742976,1.425516969076778,53033006300,2478,31,30,24.86665653033298,1.2466493017340474,0.22390482435941161,6.994770973947419,4.288918123515035,0.783045734513971
1.3118467720929494,1.0357580044996817,1.3025635559969875,1.6368627893931775,2.8043922643113204,1.839626519165215,0.6510958572923333,1.0266087646200595,-0.6777731832969279,-0.8077163662581311,2.912545265541813,-0.3089217247168471,2.647416770615593,53033006400,1288,43,12,12.925041812376463,3.3268751176359874,0.5073436991146041,3.6357001672495057,3.3006022080963535,0.9528017866661515
-1.4039650356588982,-1.4296158957426097,-0.3729660257696823,-1.2207978607993104,0.11680974972894648,-1.289234280612622,1.445377659046344,0.39766377234684347,-0.5729766993049199,0.27269453860666765,0.2769384574306126,-0.591085301458456,0.274656447980735,53033006600,2167,6,4,21.745780751102327,0.2759155934052104,0.11264206931999945,6.11689616648267,0.6539264180938476,0.3269632090469238
-0.8674332647638419,-1.3951832993705107,-1.0330858555070923,-0.8673077582257219,-0.35634222480780775,-0.6978947739711535,1.296988425788046,0.024118007809621006,-0.3489320369467233,0.9609006774261128,0.5148948165258354,-1.5491290736508956,0.720891136580504,53033006700,4254,11,9,42.68876387410673,0.25767904717128975,0.07769315598213256,12.007972446800775,0.7495020528963511,0.24983401763211702
1.221144236225065,1.1356125339787686,0.741267796081958,1.1460796080557527,1.883860559660903,1.6686731920250986,0.5315415513914739,-0.0632442579512247,0.08966703400249407,-0.5671665570921443,2.27787415392607,1.197044341845927,1.8030032955679003,53033007800,2173,61,41,21.80599057320967,2.7973964216486076,0.3581699097633356,6.133832657945012,6.684238434006452,1.0439026615991926
-0.8207377486531309,-0.9992084410913716,-0.39415368152576613,-0.7508822228582959,-0.3424648624261434,-0.7769615493722049,0.7809501020670865,0.2880240754644821,0.7021029455155764,-0.40784277986840806,-0.6063091523839176,1.1822799686443308,-0.41907379357370483,53033007900,3105,12,6,31.158582940550403,0.3851266286048895,0.11117648134856299,8.7646343317622,0.6845693468644289,0.27947426556136634
-0.02958446676646093,0.14051049882510636,-0.5126272525163319,-0.3402571375312501,0.18487490807711063,0.09230412237773224,0.15472835004419097,-0.9816350714539949,1.6791971731456528,-1.1037084565170994,0.19716055242397337,1.3184402992812696,0.31540637430649904,53033008900,2058,47,12,20.651968982818914,2.2758120564243014,0.3319613062611366,5.809216571583449,2.065683014590915,0.5963113222672513
-1.9776723971386476,-1.7498390420031307,-0.7494641341868065,-1.0970916197149019,-1.3469215681466271,-2.153758625769653,-1.7571193433372367,-2.5722332857858707,1.1353400786635308,3.938862596938862,-1.6328742707837502,0.754113145798052,-1.74154604976866,53033009100,1421,0.5,0.5,14.25969286908925,0.035063868807711174,0.04958779881713607,4.511125727998096,0.11083707928971538,0.15674730074533758
0.12914969509178378,-0.6445526984587516,0.08600615868354962,-0.08378963888104096,-0.7118670324904529,0.10133891255835015,-0.5263040495731381,-0.891727818320914,0.3175959806255082,0.9217647833684596,-0.14699719770689362,-0.04152252117683431,0.04682595083085647,53033009300,1069,7,0.5,10.727383305458416,0.6525356464551975,0.2466352917321741,3.5175182288740072,0.14214567415619478,0.20102434022435742
-0.3979151959348509,-0.19348568598425403,-0.3105029759759147,-0.3275223505378551,-0.632567818880941,-0.4822511842144187,-0.8385769816603709,-1.7793198453863752,0.41871297696869914,0.5714529454929764,-0.9705473020484865,1.1215819899266586,-1.0019909110457037,53033009400,2527,19,5,25.35837007754295,0.7492595124174072,0.17189192090073876,7.133085654223215,0.7009589176935931,0.31347835787951084
0.9426785439954416,0.9531197732066437,0.32069571405112357,0.1497452019694394,0.3196835712132811,1.2477892015875809,-0.22258050661196166,-0.24569621353595825,1.3915892165263084,-0.2365485756259332,0.25961276974629915,1.3774977920876537,0.5153358582430196,53033009500,2577,55,21,25.86011859510415,2.1268270598887598,0.28678130225202064,7.274223083076068,2.886906238668677,0.629974588711403
0.1282199095471284,-0.10396093541679664,0.2120566925457913,0.39488229180340073,1.0783127147442781,0.2915332926133862,0.8339260294648646,0.9248139325187602,-0.645834451634908,-0.6469231210773102,0.2834265287600937,0.550692892798287,0.4561366893530929,53033009701,2926,27,10,29.362323247681314,0.9195457652395451,0.17696666503107727,8.259362336468985,1.2107472214707518,0.38287188905678954
1.6390492950313014,1.2182507652718064,1.043476213810902,0.480682454285275,0.015042425596739292,1.813552047022381,0.20721128509235617,0.9749464112905337,-0.775123296756163,-1.2196432062657319,1.1528280869105907,-1.601624622812125,1.3636111608864692,53033009702,2241,45,5,22.488368557092898,2.001034440793477,0.29829660232883287,6.325779561184893,0.7904164145523024,0.35348496669412044
0.37668623784753374,-0.16938286852378487,-0.8024918859381635,-0.5606906041377703,-0.8162776637429767,0.6810191699276659,0.5917064852947003,0.13220976147047317,-0.06880450543090601,-0.5006967703474303,-0.26229638708722913,-1.2915727855786132,-0.23005629576510436,53033009900,2610,19,8,26.19127261669454,0.7254324857773133,0.1664256260981482,7.367373786118952,1.0858686191642664,0.3839125320443627
0.08033384446865191,0.48139320290888676,-0.4417015438960881,-0.45722283409484643,-0.5816841568148374,0.15097486710387634,-1.1625567678141622,-1.9422550235138072,2.611121708223864,0.30372393747766085,-0.8408221216674046,0.16189773182293063,-0.451154841084126,53033010001,1518,19,2,15.233084993157975,1.2472851040044715,0.2861468274810058,4.284932339972632,0.4667518274075651,0.3300433822911023
-0.1366174603285947,0.3298897788716512,1.321235684082324,0.4709981658544362,-0.47264773810175875,-0.451742164963345,-0.8868370632317754,-0.837267335414818,-0.3679315511991242,2.0778448359362147,-0.29198203188524724,-0.8568440190871804,-0.3437708974204132,53033010002,1770,23,4,17.761897521666413,1.2949066940592364,0.2700067105703455,4.996264981391013,0.8005980497228067,0.40029902486140334
0.3603606594228126,0.45040386617399797,-0.6764137237882072,-0.028543561906790506,-0.031215449008809223,0.47288396486200907,-0.2356380239121302,-1.276742245925482,2.6260173813270833,-0.396013991573279,-0.5523385478610254,1.2167301727813877,-0.3508280006785714,53033010100,2796,86,16,28.057777102022197,3.0651038279793648,0.33051864592748975,7.892405021451567,2.027265447795948,0.506816361948987
0.5728381781297535,1.1631586110764476,0.3090000676706012,1.7920479926158728,-0.8803778614106655,-0.12114909732764756,-0.9488164450022414,-2.1510094949196295,0.45943958740386187,1.8460726845184208,0.1782762777722427,-1.0192521243047348,0.34242804044218633,53033010402,1583,15,4,15.885358065987532,0.9442657784413944,0.24380837561980687,4.4684109974813415,0.8951728035435045,0.44758640177175224
-0.4169126621535459,-0.5171520918819853,-0.9142918524033451,-0.5170546243222492,-0.4924725415041366,-0.5476339972171143,0.20894387795045985,0.619850408589047,-0.646085933443631,-0.7879128800884978,-0.2798033058142653,-0.12190633082996644,-0.35250904505439623,53033010500,3477,37,10,34.891591911205715,1.0604273973557838,0.17433319023614657,9.81469680242743,1.018880175445332,0.32219820171992125
0.7020214690594055,0.4917229818205165,0.40752731627298117,0.3968114210498992,-0.047075291730711705,0.7855207734671666,0.3997178340937465,0.575481855343801,-0.4015856071175636,-0.9020883987389215,0.5688654210487274,-0.5533541254988218,0.5358435146893002,53033010600,3571,57,4,35.83487912422077,1.5906290573050583,0.21068396544884174,10.080035168670795,0.39682401232410186,0.19841200616205093
-0.3371161094850287,0.33333303850886115,-1.2655869237605584,-1.1505437689164564,-1.085234163235238,-0.15434396171970138,-1.083946334055031,-0.9907280064920495,2.613984614858494,0.3748000450202042,-0.6890230002826686,0.37680138620171416,-0.8787716606020906,53033010701,1431,9,2,14.36004257260149,0.6267390890032399,0.20891302966774666,4.039353213768667,0.49512877288936674,0.3501089128706452
-0.6108005974105356,0.13706723918789646,-2.086448066799966,-1.2321287988104064,-0.8572489241078913,-0.4239304571024688,-1.6980525186329136,-1.7992378917024032,4.0480918498058545,-0.35072238497684016,-0.9597096856936546,0.5966264983143633,-0.8411560819890433,53033010702,1465,11,3,14.701231564543104,0.7482366325369739,0.22560183313856103,4.135326665388607,0.7254565945440449,0.4188425601453935
0.5921594187039162,1.1390557936159786,-0.25965455469635995,0.19971652324946948,-0.9748760909620007,0.6465262106152382,-0.6612008770250357,-0.9312571794827508,0.2731346064491512,-0.3700042729608451,-0.014734782727690446,-0.7633363221437406,-0.036160234640375016,53033010800,1719,37,2,17.25011403375399,2.1449133569552417,0.3526215837411761,4.852304803961102,0.41217526120109593,0.2914519222326314
-0.3927477865792066,0.019996411522759616,1.3526905142953325,-0.508473466592398,-1.000648335385092,-0.32814443276371147,0.22098238035558385,0.5551371083192133,-0.6156525346003787,-1.135878242702075,-1.1727286533102006,-0.9093395682484107,-1.4176063776877634,53033010900,597,10,0.5,5.990877299680705,1.6692046089031014,0.5278488444984374,2.1851809005030702,0.2288140079775045,0.32359187334273243
0.2603845546483585,0.805059608806618,-1.4936109814540999,0.7737233209550284,-0.8407282546059096,-0.10445920142163763,-2.7627678690333863,-3.1356401716478013,1.7621415412263866,1.659152091322081,-0.9753680477849168,0.7442702303303207,-0.9078254949529828,53033011002,1278,2,1,12.824692108864223,0.1559491629914165,0.11027271067159679,3.607472681478935,0.2772023763711596,0.2772023763711596
-0.020609125702535196,0.3230032595972314,0.05283269187361583,-0.35325154266036163,-1.0039524692854884,0.013742756590534007,-1.3564168627544413,-2.251202438054523,1.4589926849167396,1.7700126970077332,-0.8010962771025356,-0.7698982657888944,-0.8464515872300225,53033011101,1743,11,1,17.490953322183366,0.6288965385350928,0.18961944093401714,4.920050769810472,0.20324993517059206,0.20324993517059206
-0.3293324777764767,0.1714998355599955,0.5228530019312088,-0.2300589322950234,-1.356173143067737,-0.6654849532762585,-2.116230555506504,-0.38105371756591794,-0.5245122405066605,0.2505862626729866,-1.416810621649459,-0.10222049989450568,-1.5504258854531618,53033011200,1449,9,2,14.540672038923521,0.618953510257858,0.20631783675261936,4.090162688155694,0.4889781049031635,0.3457597338287739
-0.28202836690372696,0.10607790245300729,-1.2062890538884599,-0.5541682266537119,-1.1579251090439573,-0.25676806527773055,-0.7900406787519867,-0.7163558875112304,-0.3158329855014046,0.28455362099233117,-0.9841033840441626,-0.2072115982169651,-0.9569677959635899,53033011300,2950,25,5,29.603162536110688,0.8445043656908064,0.1689008731381613,8.327108302318356,0.6004485372921049,0.26852874927509285
-0.18182002202323908,0.15772679701115588,-0.8134418003583291,-0.5696548519639875,-1.1453694002224513,-0.2042279814451421,-0.8901336854450546,-0.6136728634378816,0.7820921404353373,0.5913756462327715,-0.7209921562189955,-1.3358659051834003,-1.0501183462839512,53033011401,1678,12,3,16.838680249353807,0.7126449236103587,0.20572286924153044,4.736572112301762,0.6333694344499559,0.3656760134761631
0.9829155992540326,1.1562720918020282,0.5588415077224456,0.5162771980573451,0.43598908450723184,1.1609487102926477,0.3395278351624619,0.9449082527322,-0.7501451097438755,-1.3525373541927417,1.014403816478808,0.2865746610808508,0.9895751175237826,53033011600,2988,47,11,29.9844914094572,1.567476978621557,0.22864001615977886,8.434372748246524,1.304187084011299,0.39322720128119953
1.094434547948644,1.0942934183322497,-0.12126189206052726,0.9647709695854254,-1.1334745181810244,0.7776056990720219,-1.7826614581877374,-2.6643252854711155,1.9323449197917575,0.6352938078180237,-0.4928222734308115,-0.6435808506196852,-0.7260023249611711,53033011700,1700,11,1,17.059449597080736,0.6448039215686274,0.1944156973811717,4.798672580997018,0.20839096294255408,0.20839096294255408
0.8424500580286011,1.2492401020066952,0.7528792653352564,0.3705420315961541,-1.1559426287037193,0.7537369605602532,-1.3820965822916773,-2.2587984544554005,1.485042803344701,0.35464541139383576,-0.10835873939836245,-1.9625315232955785,-0.2952231665086256,53033011900,2526,21,2,25.34833510719173,0.8284567767940689,0.18078408998371218,7.130262905646158,0.28049456611428497,0.19833960978538928
1.397027165957685,1.4868250169741788,0.86532586837087,0.6674995877473809,-0.7409434108139406,1.2595489868581156,-0.32374324035111846,0.7266343675317248,-0.5257344275747161,-1.0925973308071337,0.32286240365660596,-0.8962156809581029,0.41915214240979837,53033012000,1456,18,2,14.610916831382088,1.2319555444555446,0.2903747065349602,4.109921928195093,0.4866272486295906,0.3440974274161356
1.2445498864880984,1.4696087187881293,1.231592942938836,1.3613268217485595,-0.8625355383485256,0.7066931059255467,-0.7774240589665705,-1.7386536512254291,1.9910628861641368,0.1269828506858194,-0.027674679178108536,-0.7256051461841064,0.08048356329148852,53033026001,2043,0.5,0.5,20.501444427550556,0.024388525489847074,0.03449058351402366,6.266875342927593,0.07978457726373463,0.11283243123457759
-0.32300740018885143,-0.3863082256680088,0.5629392701917202,-0.22248723996836225,-1.5788717679544495,-0.2812008299272424,-2.018290566049165,-0.9126324395243884,1.315631518330378,1.9476371426033685,-1.1245936883629872,-1.188222173167442,-1.9206606702951174,53033026400,2386,0.5,0.5,23.943439258020373,0.020882547181792784,0.02953238144138741,7.235078104858168,0.06910775429836244,0.09773312339389172
-0.6609489943370356,-0.2898969558261316,-1.7086519723250253,-0.9302531333734368,-1.522701491647712,-0.6849864421714552,-2.1192032312674254,-1.5831617660978057,1.7461327837348104,1.3474608825402217,-1.6458141672341684,0.4867139422580383,-1.774716825892907,53033026500,1530,0.5,0.5,15.353504637372662,0.032565854624678155,0.046055073280490424,4.818805322897316,0.10376015765238966,0.14673902218597995
