geoid,year,value,sum
53033000100,2003-01-01,0,0
53033000100,2004-01-01,0,0
53033000100,2005-01-01,0,0
53033000100,2006-01-01,0,0
53033000100,2007-01-01,0,0
53033000100,2008-01-01,0,0
53033000100,2009-01-01,0,0
53033000100,2010-01-01,0,0
53033000100,2011-01-01,0,0
53033000100,2012-01-01,1,1
53033000100,2013-01-01,1,2
53033000100,2014-01-01,3,5
53033000100,2015-01-01,1,6
53033000100,2016-01-01,2,8
53033000100,2017-01-01,1,9
53033000100,2018-01-01,4,13
53033000200,2003-01-01,0,0
53033000200,2004-01-01,0,0
53033000200,2005-01-01,0,0
53033000200,2006-01-01,0,0
53033000200,2007-01-01,0,0
53033000200,2008-01-01,0,0
53033000200,2009-01-01,0,0
53033000200,2010-01-01,0,0
53033000200,2011-01-01,0,0
53033000200,2012-01-01,2,2
53033000200,2013-01-01,0,2
53033000200,2014-01-01,2,4
53033000200,2015-01-01,6,10
53033000200,2016-01-01,2,12
53033000200,2017-01-01,5,17
53033000200,2018-01-01,1,18
53033000300,2003-01-01,0,0
53033000300,2004-01-01,0,0
53033000300,2005-01-01,0,0
53033000300,2006-01-01,0,0
53033000300,2007-01-01,1,1
53033000300,2008-01-01,0,1
53033000300,2009-01-01,0,1
53033000300,2010-01-01,0,1
53033000300,2011-01-01,0,1
53033000300,2012-01-01,0,1
53033000300,2013-01-01,4,5
53033000300,2014-01-01,1,6
53033000300,2015-01-01,2,8
53033000300,2016-01-01,2,10
53033000300,2017-01-01,2,12
53033000300,2018-01-01,4,16
53033000401,2003-01-01,0,0
53033000401,2004-01-01,0,0
53033000401,2005-01-01,1,1
53033000401,2006-01-01,0,1
53033000401,2007-01-01,0,1
53033000401,2008-01-01,0,1
53033000401,2009-01-01,0,1
53033000401,2010-01-01,0,1
53033000401,2011-01-01,0,1
53033000401,2012-01-01,0,1
53033000401,2013-01-01,1,2
53033000401,2014-01-01,0,2
53033000401,2015-01-01,0,2
53033000401,2016-01-01,0,2
53033000401,2017-01-01,1,3
53033000401,2018-01-01,2,5
53033000402,2003-01-01,0,0
53033000402,2004-01-01,0,0
53033000402,2005-01-01,0,0
53033000402,2006-01-01,0,0
53033000402,2007-01-01,0,0
53033000402,2008-01-01,1,1
53033000402,2009-01-01,0,1
53033000402,2010-01-01,0,1
53033000402,2011-01-01,0,1
53033000402,2012-01-01,0,1
53033000402,2013-01-01,7,8
53033000402,2014-01-01,0,8
53033000402,2015-01-01,3,11
53033000402,2016-01-01,0,11
53033000402,2017-01-01,4,15
53033000402,2018-01-01,2,17
53033000500,2003-01-01,0,0
53033000500,2004-01-01,0,0
53033000500,2005-01-01,0,0
53033000500,2006-01-01,0,0
53033000500,2007-01-01,0,0
53033000500,2008-01-01,0,0
53033000500,2009-01-01,0,0
53033000500,2010-01-01,1,1
53033000500,2011-01-01,1,2
53033000500,2012-01-01,2,4
53033000500,2013-01-01,8,12
53033000500,2014-01-01,2,14
53033000500,2015-01-01,7,21
53033000500,2016-01-01,1,22
53033000500,2017-01-01,1,23
53033000500,2018-01-01,7,30
53033000600,2003-01-01,0,0
53033000600,2004-01-01,0,0
53033000600,2005-01-01,0,0
53033000600,2006-01-01,0,0
53033000600,2007-01-01,0,0
53033000600,2008-01-01,0,0
53033000600,2009-01-01,0,0
53033000600,2010-01-01,0,0
53033000600,2011-01-01,0,0
53033000600,2012-01-01,3,3
53033000600,2013-01-01,6,9
53033000600,2014-01-01,3,12
53033000600,2015-01-01,1,13
53033000600,2016-01-01,3,16
53033000600,2017-01-01,1,17
53033000600,2018-01-01,2,19
53033000700,2003-01-01,0,0
53033000700,2004-01-01,0,0
53033000700,2005-01-01,0,0
53033000700,2006-01-01,0,0
53033000700,2007-01-01,0,0
53033000700,2008-01-01,0,0
53033000700,2009-01-01,0,0
53033000700,2010-01-01,0,0
53033000700,2011-01-01,0,0
53033000700,2012-01-01,1,1
53033000700,2013-01-01,1,2
53033000700,2014-01-01,1,3
53033000700,2015-01-01,1,4
53033000700,2016-01-01,1,5
53033000700,2017-01-01,1,6
53033000700,2018-01-01,1,7
53033000800,2003-01-01,0,0
53033000800,2004-01-01,0,0
53033000800,2005-01-01,0,0
53033000800,2006-01-01,0,0
53033000800,2007-01-01,0,0
53033000800,2008-01-01,0,0
53033000800,2009-01-01,1,1
53033000800,2010-01-01,0,1
53033000800,2011-01-01,0,1
53033000800,2012-01-01,2,3
53033000800,2013-01-01,0,3
53033000800,2014-01-01,2,5
53033000800,2015-01-01,1,6
53033000800,2016-01-01,2,8
53033000800,2017-01-01,4,12
53033000800,2018-01-01,3,15
53033000900,2003-01-01,0,0
53033000900,2004-01-01,0,0
53033000900,2005-01-01,0,0
53033000900,2006-01-01,1,1
53033000900,2007-01-01,0,1
53033000900,2008-01-01,0,1
53033000900,2009-01-01,2,3
53033000900,2010-01-01,1,4
53033000900,2011-01-01,0,4
53033000900,2012-01-01,3,7
53033000900,2013-01-01,2,9
53033000900,2014-01-01,3,12
53033000900,2015-01-01,6,18
53033000900,2016-01-01,2,20
53033000900,2017-01-01,3,23
53033000900,2018-01-01,2,25
53033001000,2003-01-01,0,0
53033001000,2004-01-01,0,0
53033001000,2005-01-01,1,1
53033001000,2006-01-01,0,1
53033001000,2007-01-01,0,1
53033001000,2008-01-01,0,1
53033001000,2009-01-01,1,2
53033001000,2010-01-01,0,2
53033001000,2011-01-01,1,3
53033001000,2012-01-01,0,3
53033001000,2013-01-01,1,4
53033001000,2014-01-01,0,4
53033001000,2015-01-01,3,7
53033001000,2016-01-01,3,10
53033001000,2017-01-01,0,10
53033001000,2018-01-01,1,11
53033001100,2003-01-01,0,0
53033001100,2004-01-01,0,0
53033001100,2005-01-01,0,0
53033001100,2006-01-01,0,0
53033001100,2007-01-01,0,0
53033001100,2008-01-01,0,0
53033001100,2009-01-01,0,0
53033001100,2010-01-01,0,0
53033001100,2011-01-01,0,0
53033001100,2012-01-01,2,2
53033001100,2013-01-01,0,2
53033001100,2014-01-01,1,3
53033001100,2015-01-01,3,6
53033001100,2016-01-01,4,10
53033001100,2017-01-01,0,10
53033001100,2018-01-01,3,13
53033001200,2003-01-01,0,0
53033001200,2004-01-01,0,0
53033001200,2005-01-01,0,0
53033001200,2006-01-01,0,0
53033001200,2007-01-01,0,0
53033001200,2008-01-01,0,0
53033001200,2009-01-01,0,0
53033001200,2010-01-01,2,2
53033001200,2011-01-01,1,3
53033001200,2012-01-01,3,6
53033001200,2013-01-01,1,7
53033001200,2014-01-01,3,10
53033001200,2015-01-01,0,10
53033001200,2016-01-01,1,11
53033001200,2017-01-01,0,11
53033001200,2018-01-01,4,15
53033001300,2003-01-01,0,0
53033001300,2004-01-01,0,0
53033001300,2005-01-01,0,0
53033001300,2006-01-01,0,0
53033001300,2007-01-01,0,0
53033001300,2008-01-01,1,1
53033001300,2009-01-01,0,1
53033001300,2010-01-01,0,1
53033001300,2011-01-01,0,1
53033001300,2012-01-01,1,2
53033001300,2013-01-01,2,4
53033001300,2014-01-01,2,6
53033001300,2015-01-01,4,10
53033001300,2016-01-01,0,10
53033001300,2017-01-01,1,11
53033001300,2018-01-01,3,14
53033001400,2003-01-01,0,0
53033001400,2004-01-01,0,0
53033001400,2005-01-01,0,0
53033001400,2006-01-01,0,0
53033001400,2007-01-01,0,0
53033001400,2008-01-01,0,0
53033001400,2009-01-01,0,0
53033001400,2010-01-01,0,0
53033001400,2011-01-01,4,4
53033001400,2012-01-01,1,5
53033001400,2013-01-01,8,13
53033001400,2014-01-01,2,15
53033001400,2015-01-01,10,25
53033001400,2016-01-01,1,26
53033001400,2017-01-01,0,26
53033001400,2018-01-01,4,30
53033001500,2003-01-01,0,0
53033001500,2004-01-01,0,0
53033001500,2005-01-01,0,0
53033001500,2006-01-01,1,1
53033001500,2007-01-01,0,1
53033001500,2008-01-01,0,1
53033001500,2009-01-01,0,1
53033001500,2010-01-01,2,3
53033001500,2011-01-01,1,4
53033001500,2012-01-01,2,6
53033001500,2013-01-01,6,12
53033001500,2014-01-01,1,13
53033001500,2015-01-01,3,16
53033001500,2016-01-01,6,22
53033001500,2017-01-01,2,24
53033001500,2018-01-01,2,26
53033001600,2003-01-01,0,0
53033001600,2004-01-01,0,0
53033001600,2005-01-01,0,0
53033001600,2006-01-01,1,1
53033001600,2007-01-01,0,1
53033001600,2008-01-01,0,1
53033001600,2009-01-01,0,1
53033001600,2010-01-01,3,4
53033001600,2011-01-01,1,5
53033001600,2012-01-01,7,12
53033001600,2013-01-01,14,26
53033001600,2014-01-01,3,29
53033001600,2015-01-01,12,41
53033001600,2016-01-01,6,47
53033001600,2017-01-01,5,52
53033001600,2018-01-01,4,56
53033001701,2003-01-01,0,0
53033001701,2004-01-01,0,0
53033001701,2005-01-01,0,0
53033001701,2006-01-01,0,0
53033001701,2007-01-01,0,0
53033001701,2008-01-01,0,0
53033001701,2009-01-01,0,0
53033001701,2010-01-01,0,0
53033001701,2011-01-01,1,1
53033001701,2012-01-01,0,1
53033001701,2013-01-01,8,9
53033001701,2014-01-01,2,11
53033001701,2015-01-01,3,14
53033001701,2016-01-01,2,16
53033001701,2017-01-01,2,18
53033001701,2018-01-01,2,20
53033001702,2003-01-01,0,0
53033001702,2004-01-01,0,0
53033001702,2005-01-01,0,0
53033001702,2006-01-01,0,0
53033001702,2007-01-01,0,0
53033001702,2008-01-01,0,0
53033001702,2009-01-01,0,0
53033001702,2010-01-01,0,0
53033001702,2011-01-01,0,0
53033001702,2012-01-01,0,0
53033001702,2013-01-01,9,9
53033001702,2014-01-01,3,12
53033001702,2015-01-01,8,20
53033001702,2016-01-01,3,23
53033001702,2017-01-01,0,23
53033001702,2018-01-01,5,28
53033001800,2003-01-01,0,0
53033001800,2004-01-01,0,0
53033001800,2005-01-01,0,0
53033001800,2006-01-01,0,0
53033001800,2007-01-01,1,1
53033001800,2008-01-01,0,1
53033001800,2009-01-01,0,1
53033001800,2010-01-01,0,1
53033001800,2011-01-01,0,1
53033001800,2012-01-01,2,3
53033001800,2013-01-01,3,6
53033001800,2014-01-01,1,7
53033001800,2015-01-01,1,8
53033001800,2016-01-01,1,9
53033001800,2017-01-01,4,13
53033001800,2018-01-01,2,15
53033001900,2003-01-01,0,0
53033001900,2004-01-01,0,0
53033001900,2005-01-01,0,0
53033001900,2006-01-01,0,0
53033001900,2007-01-01,0,0
53033001900,2008-01-01,0,0
53033001900,2009-01-01,0,0
53033001900,2010-01-01,0,0
53033001900,2011-01-01,0,0
53033001900,2012-01-01,1,1
53033001900,2013-01-01,3,4
53033001900,2014-01-01,2,6
53033001900,2015-01-01,3,9
53033001900,2016-01-01,2,11
53033001900,2017-01-01,4,15
53033001900,2018-01-01,2,17
53033002000,2003-01-01,0,0
53033002000,2004-01-01,0,0
53033002000,2005-01-01,0,0
53033002000,2006-01-01,0,0
53033002000,2007-01-01,0,0
53033002000,2008-01-01,0,0
53033002000,2009-01-01,1,1
53033002000,2010-01-01,0,1
53033002000,2011-01-01,0,1
53033002000,2012-01-01,3,4
53033002000,2013-01-01,1,5
53033002000,2014-01-01,1,6
53033002000,2015-01-01,1,7
53033002000,2016-01-01,5,12
53033002000,2017-01-01,3,15
53033002000,2018-01-01,1,16
53033002100,2003-01-01,0,0
53033002100,2004-01-01,0,0
53033002100,2005-01-01,0,0
53033002100,2006-01-01,0,0
53033002100,2007-01-01,0,0
53033002100,2008-01-01,0,0
53033002100,2009-01-01,0,0
53033002100,2010-01-01,0,0
53033002100,2011-01-01,0,0
53033002100,2012-01-01,4,4
53033002100,2013-01-01,2,6
53033002100,2014-01-01,2,8
53033002100,2015-01-01,6,14
53033002100,2016-01-01,0,14
53033002100,2017-01-01,0,14
53033002100,2018-01-01,3,17
53033002200,2003-01-01,0,0
53033002200,2004-01-01,0,0
53033002200,2005-01-01,0,0
53033002200,2006-01-01,0,0
53033002200,2007-01-01,0,0
53033002200,2008-01-01,1,1
53033002200,2009-01-01,1,2
53033002200,2010-01-01,0,2
53033002200,2011-01-01,2,4
53033002200,2012-01-01,4,8
53033002200,2013-01-01,2,10
53033002200,2014-01-01,6,16
53033002200,2015-01-01,12,28
53033002200,2016-01-01,3,31
53033002200,2017-01-01,5,36
53033002200,2018-01-01,1,37
53033002400,2003-01-01,0,0
53033002400,2004-01-01,0,0
53033002400,2005-01-01,0,0
53033002400,2006-01-01,0,0
53033002400,2007-01-01,0,0
53033002400,2008-01-01,0,0
53033002400,2009-01-01,0,0
53033002400,2010-01-01,0,0
53033002400,2011-01-01,0,0
53033002400,2012-01-01,2,2
53033002400,2013-01-01,1,3
53033002400,2014-01-01,2,5
53033002400,2015-01-01,5,10
53033002400,2016-01-01,3,13
53033002400,2017-01-01,2,15
53033002400,2018-01-01,2,17
53033002500,2003-01-01,0,0
53033002500,2004-01-01,0,0
53033002500,2005-01-01,0,0
53033002500,2006-01-01,1,1
53033002500,2007-01-01,1,2
53033002500,2008-01-01,0,2
53033002500,2009-01-01,2,4
53033002500,2010-01-01,2,6
53033002500,2011-01-01,0,6
53033002500,2012-01-01,3,9
53033002500,2013-01-01,3,12
53033002500,2014-01-01,1,13
53033002500,2015-01-01,2,15
53033002500,2016-01-01,3,18
53033002500,2017-01-01,1,19
53033002500,2018-01-01,4,23
53033002600,2003-01-01,0,0
53033002600,2004-01-01,0,0
53033002600,2005-01-01,0,0
53033002600,2006-01-01,1,1
53033002600,2007-01-01,0,1
53033002600,2008-01-01,0,1
53033002600,2009-01-01,1,2
53033002600,2010-01-01,1,3
53033002600,2011-01-01,3,6
53033002600,2012-01-01,6,12
53033002600,2013-01-01,5,17
53033002600,2014-01-01,2,19
53033002600,2015-01-01,4,23
53033002600,2016-01-01,0,23
53033002600,2017-01-01,5,28
53033002600,2018-01-01,3,31
53033002700,2003-01-01,0,0
53033002700,2004-01-01,0,0
53033002700,2005-01-01,0,0
53033002700,2006-01-01,0,0
53033002700,2007-01-01,0,0
53033002700,2008-01-01,1,1
53033002700,2009-01-01,1,2
53033002700,2010-01-01,1,3
53033002700,2011-01-01,0,3
53033002700,2012-01-01,1,4
53033002700,2013-01-01,6,10
53033002700,2014-01-01,3,13
53033002700,2015-01-01,5,18
53033002700,2016-01-01,4,22
53033002700,2017-01-01,2,24
53033002700,2018-01-01,2,26
53033002800,2003-01-01,0,0
53033002800,2004-01-01,0,0
53033002800,2005-01-01,0,0
53033002800,2006-01-01,0,0
53033002800,2007-01-01,0,0
53033002800,2008-01-01,1,1
53033002800,2009-01-01,1,2
53033002800,2010-01-01,0,2
53033002800,2011-01-01,0,2
53033002800,2012-01-01,1,3
53033002800,2013-01-01,3,6
53033002800,2014-01-01,4,10
53033002800,2015-01-01,5,15
53033002800,2016-01-01,0,15
53033002800,2017-01-01,3,18
53033002800,2018-01-01,3,21
53033002900,2003-01-01,0,0
53033002900,2004-01-01,0,0
53033002900,2005-01-01,0,0
53033002900,2006-01-01,0,0
53033002900,2007-01-01,0,0
53033002900,2008-01-01,0,0
53033002900,2009-01-01,2,2
53033002900,2010-01-01,2,4
53033002900,2011-01-01,2,6
53033002900,2012-01-01,1,7
53033002900,2013-01-01,18,25
53033002900,2014-01-01,4,29
53033002900,2015-01-01,3,32
53033002900,2016-01-01,3,35
53033002900,2017-01-01,2,37
53033002900,2018-01-01,5,42
53033003000,2003-01-01,0,0
53033003000,2004-01-01,1,1
53033003000,2005-01-01,0,1
53033003000,2006-01-01,0,1
53033003000,2007-01-01,1,2
53033003000,2008-01-01,1,3
53033003000,2009-01-01,1,4
53033003000,2010-01-01,0,4
53033003000,2011-01-01,0,4
53033003000,2012-01-01,2,6
53033003000,2013-01-01,10,16
53033003000,2014-01-01,5,21
53033003000,2015-01-01,2,23
53033003000,2016-01-01,5,28
53033003000,2017-01-01,10,38
53033003000,2018-01-01,6,44
53033003100,2003-01-01,0,0
53033003100,2004-01-01,0,0
53033003100,2005-01-01,0,0
53033003100,2006-01-01,1,1
53033003100,2007-01-01,1,2
53033003100,2008-01-01,0,2
53033003100,2009-01-01,1,3
53033003100,2010-01-01,2,5
53033003100,2011-01-01,0,5
53033003100,2012-01-01,0,5
53033003100,2013-01-01,13,18
53033003100,2014-01-01,4,22
53033003100,2015-01-01,5,27
53033003100,2016-01-01,10,37
53033003100,2017-01-01,7,44
53033003100,2018-01-01,4,48
53033003200,2003-01-01,0,0
53033003200,2004-01-01,0,0
53033003200,2005-01-01,0,0
53033003200,2006-01-01,1,1
53033003200,2007-01-01,2,3
53033003200,2008-01-01,0,3
53033003200,2009-01-01,3,6
53033003200,2010-01-01,1,7
53033003200,2011-01-01,1,8
53033003200,2012-01-01,6,14
53033003200,2013-01-01,20,34
53033003200,2014-01-01,4,38
53033003200,2015-01-01,8,46
53033003200,2016-01-01,7,53
53033003200,2017-01-01,9,62
53033003200,2018-01-01,2,64
53033003300,2003-01-01,0,0
53033003300,2004-01-01,0,0
53033003300,2005-01-01,1,1
53033003300,2006-01-01,0,1
53033003300,2007-01-01,0,1
53033003300,2008-01-01,0,1
53033003300,2009-01-01,0,1
53033003300,2010-01-01,1,2
53033003300,2011-01-01,0,2
53033003300,2012-01-01,1,3
53033003300,2013-01-01,6,9
53033003300,2014-01-01,5,14
53033003300,2015-01-01,13,27
53033003300,2016-01-01,5,32
53033003300,2017-01-01,3,35
53033003300,2018-01-01,4,39
53033003400,2003-01-01,0,0
53033003400,2004-01-01,0,0
53033003400,2005-01-01,0,0
53033003400,2006-01-01,1,1
53033003400,2007-01-01,0,1
53033003400,2008-01-01,1,2
53033003400,2009-01-01,0,2
53033003400,2010-01-01,0,2
53033003400,2011-01-01,2,4
53033003400,2012-01-01,2,6
53033003400,2013-01-01,11,17
53033003400,2014-01-01,9,26
53033003400,2015-01-01,9,35
53033003400,2016-01-01,2,37
53033003400,2017-01-01,2,39
53033003400,2018-01-01,4,43
53033003500,2003-01-01,0,0
53033003500,2004-01-01,0,0
53033003500,2005-01-01,0,0
53033003500,2006-01-01,0,0
53033003500,2007-01-01,1,1
53033003500,2008-01-01,1,2
53033003500,2009-01-01,1,3
53033003500,2010-01-01,2,5
53033003500,2011-01-01,1,6
53033003500,2012-01-01,4,10
53033003500,2013-01-01,13,23
53033003500,2014-01-01,3,26
53033003500,2015-01-01,5,31
53033003500,2016-01-01,4,35
53033003500,2017-01-01,5,40
53033003500,2018-01-01,4,44
53033003600,2003-01-01,0,0
53033003600,2004-01-01,1,1
53033003600,2005-01-01,0,1
53033003600,2006-01-01,0,1
53033003600,2007-01-01,0,1
53033003600,2008-01-01,0,1
53033003600,2009-01-01,0,1
53033003600,2010-01-01,0,1
53033003600,2011-01-01,0,1
53033003600,2012-01-01,0,1
53033003600,2013-01-01,4,5
53033003600,2014-01-01,1,6
53033003600,2015-01-01,5,11
53033003600,2016-01-01,0,11
53033003600,2017-01-01,2,13
53033003600,2018-01-01,4,17
53033003800,2003-01-01,0,0
53033003800,2004-01-01,0,0
53033003800,2005-01-01,0,0
53033003800,2006-01-01,0,0
53033003800,2007-01-01,0,0
53033003800,2008-01-01,0,0
53033003800,2009-01-01,1,1
53033003800,2010-01-01,2,3
53033003800,2011-01-01,1,4
53033003800,2012-01-01,4,8
53033003800,2013-01-01,1,9
53033003800,2014-01-01,3,12
53033003800,2015-01-01,3,15
53033003800,2016-01-01,1,16
53033003800,2017-01-01,1,17
53033003800,2018-01-01,1,18
53033003900,2003-01-01,0,0
53033003900,2004-01-01,0,0
53033003900,2005-01-01,0,0
53033003900,2006-01-01,0,0
53033003900,2007-01-01,0,0
53033003900,2008-01-01,0,0
53033003900,2009-01-01,0,0
53033003900,2010-01-01,0,0
53033003900,2011-01-01,0,0
53033003900,2012-01-01,8,8
53033003900,2013-01-01,2,10
53033003900,2014-01-01,2,12
53033003900,2015-01-01,5,17
53033003900,2016-01-01,3,20
53033003900,2017-01-01,3,23
53033003900,2018-01-01,3,26
53033004000,2003-01-01,0,0
53033004000,2004-01-01,0,0
53033004000,2005-01-01,0,0
53033004000,2006-01-01,1,1
53033004000,2007-01-01,0,1
53033004000,2008-01-01,0,1
53033004000,2009-01-01,0,1
53033004000,2010-01-01,1,2
53033004000,2011-01-01,0,2
53033004000,2012-01-01,3,5
53033004000,2013-01-01,4,9
53033004000,2014-01-01,3,12
53033004000,2015-01-01,3,15
53033004000,2016-01-01,3,18
53033004000,2017-01-01,3,21
53033004000,2018-01-01,3,24
53033004100,2003-01-01,0,0
53033004100,2004-01-01,0,0
53033004100,2005-01-01,0,0
53033004100,2006-01-01,0,0
53033004100,2007-01-01,0,0
53033004100,2008-01-01,1,1
53033004100,2009-01-01,2,3
53033004100,2010-01-01,0,3
53033004100,2011-01-01,3,6
53033004100,2012-01-01,7,13
53033004100,2013-01-01,10,23
53033004100,2014-01-01,8,31
53033004100,2015-01-01,13,44
53033004100,2016-01-01,11,55
53033004100,2017-01-01,4,59
53033004100,2018-01-01,8,67
53033004200,2003-01-01,0,0
53033004200,2004-01-01,0,0
53033004200,2005-01-01,1,1
53033004200,2006-01-01,4,5
53033004200,2007-01-01,0,5
53033004200,2008-01-01,0,5
53033004200,2009-01-01,0,5
53033004200,2010-01-01,1,6
53033004200,2011-01-01,2,8
53033004200,2012-01-01,9,17
53033004200,2013-01-01,5,22
53033004200,2014-01-01,6,28
53033004200,2015-01-01,18,46
53033004200,2016-01-01,8,54
53033004200,2017-01-01,10,64
53033004200,2018-01-01,8,72
53033004301,2003-01-01,0,0
53033004301,2004-01-01,0,0
53033004301,2005-01-01,0,0
53033004301,2006-01-01,0,0
53033004301,2007-01-01,1,1
53033004301,2008-01-01,0,1
53033004301,2009-01-01,0,1
53033004301,2010-01-01,0,1
53033004301,2011-01-01,1,2
53033004301,2012-01-01,6,8
53033004301,2013-01-01,4,12
53033004301,2014-01-01,2,14
53033004301,2015-01-01,2,16
53033004301,2016-01-01,1,17
53033004301,2017-01-01,4,21
53033004301,2018-01-01,4,25
53033004400,2003-01-01,0,0
53033004400,2004-01-01,0,0
53033004400,2005-01-01,0,0
53033004400,2006-01-01,0,0
53033004400,2007-01-01,0,0
53033004400,2008-01-01,0,0
53033004400,2009-01-01,0,0
53033004400,2010-01-01,1,1
53033004400,2011-01-01,3,4
53033004400,2012-01-01,4,8
53033004400,2013-01-01,1,9
53033004400,2014-01-01,1,10
53033004400,2015-01-01,6,16
53033004400,2016-01-01,1,17
53033004400,2017-01-01,3,20
53033004400,2018-01-01,3,23
53033004500,2003-01-01,0,0
53033004500,2004-01-01,0,0
53033004500,2005-01-01,0,0
53033004500,2006-01-01,0,0
53033004500,2007-01-01,0,0
53033004500,2008-01-01,0,0
53033004500,2009-01-01,0,0
53033004500,2010-01-01,0,0
53033004500,2011-01-01,0,0
53033004500,2012-01-01,2,2
53033004500,2013-01-01,2,4
53033004500,2014-01-01,3,7
53033004500,2015-01-01,2,9
53033004500,2016-01-01,2,11
53033004500,2017-01-01,1,12
53033004500,2018-01-01,1,13
53033004600,2003-01-01,0,0
53033004600,2004-01-01,0,0
53033004600,2005-01-01,0,0
53033004600,2006-01-01,0,0
53033004600,2007-01-01,1,1
53033004600,2008-01-01,0,1
53033004600,2009-01-01,0,1
53033004600,2010-01-01,0,1
53033004600,2011-01-01,1,2
53033004600,2012-01-01,1,3
53033004600,2013-01-01,11,14
53033004600,2014-01-01,2,16
53033004600,2015-01-01,3,19
53033004600,2016-01-01,5,24
53033004600,2017-01-01,3,27
53033004600,2018-01-01,4,31
53033004700,2003-01-01,0,0
53033004700,2004-01-01,0,0
53033004700,2005-01-01,0,0
53033004700,2006-01-01,0,0
53033004700,2007-01-01,0,0
53033004700,2008-01-01,0,0
53033004700,2009-01-01,0,0
53033004700,2010-01-01,0,0
53033004700,2011-01-01,2,2
53033004700,2012-01-01,1,3
53033004700,2013-01-01,4,7
53033004700,2014-01-01,1,8
53033004700,2015-01-01,3,11
53033004700,2016-01-01,3,14
53033004700,2017-01-01,1,15
53033004700,2018-01-01,0,15
53033004800,2003-01-01,0,0
53033004800,2004-01-01,1,1
53033004800,2005-01-01,2,3
53033004800,2006-01-01,0,3
53033004800,2007-01-01,0,3
53033004800,2008-01-01,2,5
53033004800,2009-01-01,0,5
53033004800,2010-01-01,1,6
53033004800,2011-01-01,3,9
53033004800,2012-01-01,7,16
53033004800,2013-01-01,7,23
53033004800,2014-01-01,6,29
53033004800,2015-01-01,18,47
53033004800,2016-01-01,5,52
53033004800,2017-01-01,4,56
53033004800,2018-01-01,5,61
53033004900,2003-01-01,0,0
53033004900,2004-01-01,0,0
53033004900,2005-01-01,0,0
53033004900,2006-01-01,0,0
53033004900,2007-01-01,1,1
53033004900,2008-01-01,0,1
53033004900,2009-01-01,0,1
53033004900,2010-01-01,0,1
53033004900,2011-01-01,2,3
53033004900,2012-01-01,3,6
53033004900,2013-01-01,9,15
53033004900,2014-01-01,2,17
53033004900,2015-01-01,3,20
53033004900,2016-01-01,3,23
53033004900,2017-01-01,0,23
53033004900,2018-01-01,4,27
53033005000,2003-01-01,0,0
53033005000,2004-01-01,1,1
53033005000,2005-01-01,0,1
53033005000,2006-01-01,0,1
53033005000,2007-01-01,0,1
53033005000,2008-01-01,0,1
53033005000,2009-01-01,0,1
53033005000,2010-01-01,0,1
53033005000,2011-01-01,0,1
53033005000,2012-01-01,1,2
53033005000,2013-01-01,6,8
53033005000,2014-01-01,4,12
53033005000,2015-01-01,3,15
53033005000,2016-01-01,3,18
53033005000,2017-01-01,7,25
53033005000,2018-01-01,0,25
53033005100,2003-01-01,0,0
53033005100,2004-01-01,0,0
53033005100,2005-01-01,1,1
53033005100,2006-01-01,0,1
53033005100,2007-01-01,0,1
53033005100,2008-01-01,4,5
53033005100,2009-01-01,1,6
53033005100,2010-01-01,1,7
53033005100,2011-01-01,2,9
53033005100,2012-01-01,2,11
53033005100,2013-01-01,17,28
53033005100,2014-01-01,5,33
53033005100,2015-01-01,5,38
53033005100,2016-01-01,5,43
53033005100,2017-01-01,4,47
53033005100,2018-01-01,1,48
53033005200,2003-01-01,0,0
53033005200,2004-01-01,0,0
53033005200,2005-01-01,1,1
53033005200,2006-01-01,0,1
53033005200,2007-01-01,0,1
53033005200,2008-01-01,0,1
53033005200,2009-01-01,1,2
53033005200,2010-01-01,0,2
53033005200,2011-01-01,1,3
53033005200,2012-01-01,2,5
53033005200,2013-01-01,2,7
53033005200,2014-01-01,1,8
53033005200,2015-01-01,4,12
53033005200,2016-01-01,3,15
53033005200,2017-01-01,3,18
53033005200,2018-01-01,3,21
53033005301,2003-01-01,0,0
53033005301,2004-01-01,0,0
53033005301,2005-01-01,0,0
53033005301,2006-01-01,0,0
53033005301,2007-01-01,0,0
53033005301,2008-01-01,0,0
53033005301,2009-01-01,0,0
53033005301,2010-01-01,0,0
53033005301,2011-01-01,0,0
53033005301,2012-01-01,0,0
53033005301,2013-01-01,1,1
53033005301,2014-01-01,0,1
53033005301,2015-01-01,0,1
53033005301,2016-01-01,0,1
53033005301,2017-01-01,0,1
53033005301,2018-01-01,2,3
53033005400,2003-01-01,0,0
53033005400,2004-01-01,0,0
53033005400,2005-01-01,0,0
53033005400,2006-01-01,0,0
53033005400,2007-01-01,0,0
53033005400,2008-01-01,0,0
53033005400,2009-01-01,1,1
53033005400,2010-01-01,0,1
53033005400,2011-01-01,1,2
53033005400,2012-01-01,1,3
53033005400,2013-01-01,13,16
53033005400,2014-01-01,3,19
53033005400,2015-01-01,7,26
53033005400,2016-01-01,5,31
53033005400,2017-01-01,4,35
53033005400,2018-01-01,0,35
53033005600,2003-01-01,0,0
53033005600,2004-01-01,0,0
53033005600,2005-01-01,1,1
53033005600,2006-01-01,1,2
53033005600,2007-01-01,0,2
53033005600,2008-01-01,1,3
53033005600,2009-01-01,1,4
53033005600,2010-01-01,1,5
53033005600,2011-01-01,9,14
53033005600,2012-01-01,5,19
53033005600,2013-01-01,0,19
53033005600,2014-01-01,2,21
53033005600,2015-01-01,5,26
53033005600,2016-01-01,4,30
53033005600,2017-01-01,1,31
53033005600,2018-01-01,6,37
53033005700,2003-01-01,0,0
53033005700,2004-01-01,0,0
53033005700,2005-01-01,0,0
53033005700,2006-01-01,0,0
53033005700,2007-01-01,1,1
53033005700,2008-01-01,1,2
53033005700,2009-01-01,2,4
53033005700,2010-01-01,0,4
53033005700,2011-01-01,4,8
53033005700,2012-01-01,6,14
53033005700,2013-01-01,5,19
53033005700,2014-01-01,1,20
53033005700,2015-01-01,4,24
53033005700,2016-01-01,3,27
53033005700,2017-01-01,5,32
53033005700,2018-01-01,2,34
53033005801,2003-01-01,0,0
53033005801,2004-01-01,0,0
53033005801,2005-01-01,0,0
53033005801,2006-01-01,0,0
53033005801,2007-01-01,0,0
53033005801,2008-01-01,0,0
53033005801,2009-01-01,0,0
53033005801,2010-01-01,1,1
53033005801,2011-01-01,3,4
53033005801,2012-01-01,1,5
53033005801,2013-01-01,0,5
53033005801,2014-01-01,0,5
53033005801,2015-01-01,1,6
53033005801,2016-01-01,1,7
53033005801,2017-01-01,2,9
53033005801,2018-01-01,1,10
53033005802,2003-01-01,0,0
53033005802,2004-01-01,0,0
53033005802,2005-01-01,0,0
53033005802,2006-01-01,0,0
53033005802,2007-01-01,0,0
53033005802,2008-01-01,0,0
53033005802,2009-01-01,0,0
53033005802,2010-01-01,1,1
53033005802,2011-01-01,6,7
53033005802,2012-01-01,1,8
53033005802,2013-01-01,1,9
53033005802,2014-01-01,1,10
53033005802,2015-01-01,4,14
53033005802,2016-01-01,1,15
53033005802,2017-01-01,1,16
53033005802,2018-01-01,0,16
53033005900,2003-01-01,0,0
53033005900,2004-01-01,0,0
53033005900,2005-01-01,0,0
53033005900,2006-01-01,1,1
53033005900,2007-01-01,0,1
53033005900,2008-01-01,0,1
53033005900,2009-01-01,3,4
53033005900,2010-01-01,1,5
53033005900,2011-01-01,10,15
53033005900,2012-01-01,1,16
53033005900,2013-01-01,1,17
53033005900,2014-01-01,3,20
53033005900,2015-01-01,3,23
53033005900,2016-01-01,7,30
53033005900,2017-01-01,2,32
53033005900,2018-01-01,1,33
53033006000,2003-01-01,0,0
53033006000,2004-01-01,0,0
53033006000,2005-01-01,0,0
53033006000,2006-01-01,0,0
53033006000,2007-01-01,0,0
53033006000,2008-01-01,0,0
53033006000,2009-01-01,1,1
53033006000,2010-01-01,1,2
53033006000,2011-01-01,6,8
53033006000,2012-01-01,1,9
53033006000,2013-01-01,1,10
53033006000,2014-01-01,0,10
53033006000,2015-01-01,0,10
53033006000,2016-01-01,0,10
53033006000,2017-01-01,3,13
53033006000,2018-01-01,1,14
53033006100,2003-01-01,0,0
53033006100,2004-01-01,0,0
53033006100,2005-01-01,0,0
53033006100,2006-01-01,1,1
53033006100,2007-01-01,0,1
53033006100,2008-01-01,0,1
53033006100,2009-01-01,1,2
53033006100,2010-01-01,4,6
53033006100,2011-01-01,0,6
53033006100,2012-01-01,2,8
53033006100,2013-01-01,1,9
53033006100,2014-01-01,5,14
53033006100,2015-01-01,2,16
53033006100,2016-01-01,1,17
53033006100,2017-01-01,2,19
53033006100,2018-01-01,4,23
53033006200,2003-01-01,0,0
53033006200,2004-01-01,0,0
53033006200,2005-01-01,0,0
53033006200,2006-01-01,0,0
53033006200,2007-01-01,0,0
53033006200,2008-01-01,1,1
53033006200,2009-01-01,0,1
53033006200,2010-01-01,0,1
53033006200,2011-01-01,2,3
53033006200,2012-01-01,2,5
53033006200,2013-01-01,6,11
53033006200,2014-01-01,15,26
53033006200,2015-01-01,10,36
53033006200,2016-01-01,1,37
53033006200,2017-01-01,3,40
53033006200,2018-01-01,0,40
53033006300,2003-01-01,0,0
53033006300,2004-01-01,0,0
53033006300,2005-01-01,0,0
53033006300,2006-01-01,1,1
53033006300,2007-01-01,1,2
53033006300,2008-01-01,1,3
53033006300,2009-01-01,0,3
53033006300,2010-01-01,2,5
53033006300,2011-01-01,1,6
53033006300,2012-01-01,2,8
53033006300,2013-01-01,1,9
53033006300,2014-01-01,3,12
53033006300,2015-01-01,6,18
53033006300,2016-01-01,3,21
53033006300,2017-01-01,3,24
53033006300,2018-01-01,7,31
53033006400,2003-01-01,0,0
53033006400,2004-01-01,0,0
53033006400,2005-01-01,0,0
53033006400,2006-01-01,0,0
53033006400,2007-01-01,0,0
53033006400,2008-01-01,0,0
53033006400,2009-01-01,2,2
53033006400,2010-01-01,1,3
53033006400,2011-01-01,0,3
53033006400,2012-01-01,4,7
53033006400,2013-01-01,9,16
53033006400,2014-01-01,12,28
53033006400,2015-01-01,6,34
53033006400,2016-01-01,3,37
53033006400,2017-01-01,2,39
53033006400,2018-01-01,4,43
53033006500,2003-01-01,1,1
53033006500,2004-01-01,0,1
53033006500,2005-01-01,0,1
53033006500,2006-01-01,0,1
53033006500,2007-01-01,1,2
53033006500,2008-01-01,2,4
53033006500,2009-01-01,0,4
53033006500,2010-01-01,1,5
53033006500,2011-01-01,0,5
53033006500,2012-01-01,1,6
53033006500,2013-01-01,2,8
53033006500,2014-01-01,7,15
53033006500,2015-01-01,1,16
53033006500,2016-01-01,4,20
53033006500,2017-01-01,3,23
53033006500,2018-01-01,4,27
53033006600,2003-01-01,0,0
53033006600,2004-01-01,0,0
53033006600,2005-01-01,0,0
53033006600,2006-01-01,0,0
53033006600,2007-01-01,0,0
53033006600,2008-01-01,0,0
53033006600,2009-01-01,0,0
53033006600,2010-01-01,0,0
53033006600,2011-01-01,2,2
53033006600,2012-01-01,1,3
53033006600,2013-01-01,0,3
53033006600,2014-01-01,1,4
53033006600,2015-01-01,0,4
53033006600,2016-01-01,1,5
53033006600,2017-01-01,0,5
53033006600,2018-01-01,1,6
53033006700,2003-01-01,0,0
53033006700,2004-01-01,0,0
53033006700,2005-01-01,0,0
53033006700,2006-01-01,0,0
53033006700,2007-01-01,0,0
53033006700,2008-01-01,0,0
53033006700,2009-01-01,1,1
53033006700,2010-01-01,0,1
53033006700,2011-01-01,1,2
53033006700,2012-01-01,1,3
53033006700,2013-01-01,1,4
53033006700,2014-01-01,0,4
53033006700,2015-01-01,1,5
53033006700,2016-01-01,4,9
53033006700,2017-01-01,0,9
53033006700,2018-01-01,2,11
53033006800,2003-01-01,0,0
53033006800,2004-01-01,0,0
53033006800,2005-01-01,0,0
53033006800,2006-01-01,0,0
53033006800,2007-01-01,0,0
53033006800,2008-01-01,0,0
53033006800,2009-01-01,0,0
53033006800,2010-01-01,0,0
53033006800,2011-01-01,3,3
53033006800,2012-01-01,1,4
53033006800,2013-01-01,2,6
53033006800,2014-01-01,5,11
53033006800,2015-01-01,3,14
53033006800,2016-01-01,3,17
53033006800,2017-01-01,1,18
53033006800,2018-01-01,1,19
53033006900,2003-01-01,0,0
53033006900,2004-01-01,0,0
53033006900,2005-01-01,0,0
53033006900,2006-01-01,0,0
53033006900,2007-01-01,0,0
53033006900,2008-01-01,0,0
53033006900,2009-01-01,1,1
53033006900,2010-01-01,1,2
53033006900,2011-01-01,9,11
53033006900,2012-01-01,3,14
53033006900,2013-01-01,2,16
53033006900,2014-01-01,4,20
53033006900,2015-01-01,3,23
53033006900,2016-01-01,4,27
53033006900,2017-01-01,1,28
53033006900,2018-01-01,4,32
53033007000,2003-01-01,0,0
53033007000,2004-01-01,0,0
53033007000,2005-01-01,0,0
53033007000,2006-01-01,0,0
53033007000,2007-01-01,0,0
53033007000,2008-01-01,1,1
53033007000,2009-01-01,0,1
53033007000,2010-01-01,0,1
53033007000,2011-01-01,3,4
53033007000,2012-01-01,0,4
53033007000,2013-01-01,2,6
53033007000,2014-01-01,0,6
53033007000,2015-01-01,2,8
53033007000,2016-01-01,2,10
53033007000,2017-01-01,0,10
53033007000,2018-01-01,1,11
53033007100,2003-01-01,0,0
53033007100,2004-01-01,0,0
53033007100,2005-01-01,0,0
53033007100,2006-01-01,0,0
53033007100,2007-01-01,0,0
53033007100,2008-01-01,0,0
53033007100,2009-01-01,0,0
53033007100,2010-01-01,0,0
53033007100,2011-01-01,0,0
53033007100,2012-01-01,1,1
53033007100,2013-01-01,0,1
53033007100,2014-01-01,0,1
53033007100,2015-01-01,0,1
53033007100,2016-01-01,0,1
53033007100,2017-01-01,0,1
53033007100,2018-01-01,0,1
53033007200,2003-01-01,0,0
53033007200,2004-01-01,0,0
53033007200,2005-01-01,0,0
53033007200,2006-01-01,0,0
53033007200,2007-01-01,0,0
53033007200,2008-01-01,0,0
53033007200,2009-01-01,0,0
53033007200,2010-01-01,0,0
53033007200,2011-01-01,0,0
53033007200,2012-01-01,0,0
53033007200,2013-01-01,0,0
53033007200,2014-01-01,0,0
53033007200,2015-01-01,0,0
53033007200,2016-01-01,0,0
53033007200,2017-01-01,0,0
53033007200,2018-01-01,1,1
53033007300,2003-01-01,0,0
53033007300,2004-01-01,0,0
53033007300,2005-01-01,0,0
53033007300,2006-01-01,0,0
53033007300,2007-01-01,0,0
53033007300,2008-01-01,0,0
53033007300,2009-01-01,0,0
53033007300,2010-01-01,0,0
53033007300,2011-01-01,0,0
53033007300,2012-01-01,0,0
53033007300,2013-01-01,0,0
53033007300,2014-01-01,0,0
53033007300,2015-01-01,0,0
53033007300,2016-01-01,1,1
53033007300,2017-01-01,0,1
53033007300,2018-01-01,1,2
53033007401,2003-01-01,0,0
53033007401,2004-01-01,0,0
53033007401,2005-01-01,0,0
53033007401,2006-01-01,0,0
53033007401,2007-01-01,0,0
53033007401,2008-01-01,0,0
53033007401,2009-01-01,0,0
53033007401,2010-01-01,0,0
53033007401,2011-01-01,0,0
53033007401,2012-01-01,0,0
53033007401,2013-01-01,0,0
53033007401,2014-01-01,1,1
53033007401,2015-01-01,1,2
53033007401,2016-01-01,0,2
53033007401,2017-01-01,0,2
53033007401,2018-01-01,0,2
53033007402,2003-01-01,0,0
53033007402,2004-01-01,0,0
53033007402,2005-01-01,0,0
53033007402,2006-01-01,0,0
53033007402,2007-01-01,0,0
53033007402,2008-01-01,0,0
53033007402,2009-01-01,0,0
53033007402,2010-01-01,0,0
53033007402,2011-01-01,0,0
53033007402,2012-01-01,0,0
53033007402,2013-01-01,0,0
53033007402,2014-01-01,0,0
53033007402,2015-01-01,0,0
53033007402,2016-01-01,1,1
53033007402,2017-01-01,0,1
53033007402,2018-01-01,1,2
53033007500,2003-01-01,0,0
53033007500,2004-01-01,0,0
53033007500,2005-01-01,0,0
53033007500,2006-01-01,0,0
53033007500,2007-01-01,0,0
53033007500,2008-01-01,0,0
53033007500,2009-01-01,1,1
53033007500,2010-01-01,4,5
53033007500,2011-01-01,1,6
53033007500,2012-01-01,0,6
53033007500,2013-01-01,1,7
53033007500,2014-01-01,5,12
53033007500,2015-01-01,3,15
53033007500,2016-01-01,0,15
53033007500,2017-01-01,0,15
53033007500,2018-01-01,6,21
53033007600,2003-01-01,0,0
53033007600,2004-01-01,0,0
53033007600,2005-01-01,0,0
53033007600,2006-01-01,1,1
53033007600,2007-01-01,0,1
53033007600,2008-01-01,0,1
53033007600,2009-01-01,0,1
53033007600,2010-01-01,0,1
53033007600,2011-01-01,0,1
53033007600,2012-01-01,1,2
53033007600,2013-01-01,2,4
53033007600,2014-01-01,7,11
53033007600,2015-01-01,3,14
53033007600,2016-01-01,4,18
53033007600,2017-01-01,5,23
53033007600,2018-01-01,0,23
53033007700,2003-01-01,0,0
53033007700,2004-01-01,0,0
53033007700,2005-01-01,0,0
53033007700,2006-01-01,0,0
53033007700,2007-01-01,0,0
53033007700,2008-01-01,0,0
53033007700,2009-01-01,0,0
53033007700,2010-01-01,0,0
53033007700,2011-01-01,0,0
53033007700,2012-01-01,2,2
53033007700,2013-01-01,6,8
53033007700,2014-01-01,12,20
53033007700,2015-01-01,3,23
53033007700,2016-01-01,4,27
53033007700,2017-01-01,9,36
53033007700,2018-01-01,5,41
53033007800,2003-01-01,0,0
53033007800,2004-01-01,0,0
53033007800,2005-01-01,0,0
53033007800,2006-01-01,0,0
53033007800,2007-01-01,2,2
53033007800,2008-01-01,0,2
53033007800,2009-01-01,4,6
53033007800,2010-01-01,1,7
53033007800,2011-01-01,1,8
53033007800,2012-01-01,4,12
53033007800,2013-01-01,6,18
53033007800,2014-01-01,16,34
53033007800,2015-01-01,9,43
53033007800,2016-01-01,4,47
53033007800,2017-01-01,9,56
53033007800,2018-01-01,5,61
53033007900,2003-01-01,0,0
53033007900,2004-01-01,0,0
53033007900,2005-01-01,0,0
53033007900,2006-01-01,0,0
53033007900,2007-01-01,0,0
53033007900,2008-01-01,4,4
53033007900,2009-01-01,0,4
53033007900,2010-01-01,0,4
53033007900,2011-01-01,0,4
53033007900,2012-01-01,1,5
53033007900,2013-01-01,1,6
53033007900,2014-01-01,4,10
53033007900,2015-01-01,0,10
53033007900,2016-01-01,1,11
53033007900,2017-01-01,1,12
53033007900,2018-01-01,0,12
53033008400,2003-01-01,0,0
53033008400,2004-01-01,0,0
53033008400,2005-01-01,0,0
53033008400,2006-01-01,0,0
53033008400,2007-01-01,0,0
53033008400,2008-01-01,0,0
53033008400,2009-01-01,0,0
53033008400,2010-01-01,0,0
53033008400,2011-01-01,0,0
53033008400,2012-01-01,1,1
53033008400,2013-01-01,0,1
53033008400,2014-01-01,1,2
53033008400,2015-01-01,0,2
53033008400,2016-01-01,1,3
53033008400,2017-01-01,0,3
53033008400,2018-01-01,0,3
53033008600,2003-01-01,0,0
53033008600,2004-01-01,0,0
53033008600,2005-01-01,0,0
53033008600,2006-01-01,0,0
53033008600,2007-01-01,0,0
53033008600,2008-01-01,0,0
53033008600,2009-01-01,0,0
53033008600,2010-01-01,0,0
53033008600,2011-01-01,0,0
53033008600,2012-01-01,0,0
53033008600,2013-01-01,1,1
53033008600,2014-01-01,4,5
53033008600,2015-01-01,0,5
53033008600,2016-01-01,0,5
53033008600,2017-01-01,0,5
53033008600,2018-01-01,0,5
53033008700,2003-01-01,0,0
53033008700,2004-01-01,0,0
53033008700,2005-01-01,0,0
53033008700,2006-01-01,0,0
53033008700,2007-01-01,0,0
53033008700,2008-01-01,1,1
53033008700,2009-01-01,0,1
53033008700,2010-01-01,0,1
53033008700,2011-01-01,1,2
53033008700,2012-01-01,0,2
53033008700,2013-01-01,3,5
53033008700,2014-01-01,3,8
53033008700,2015-01-01,1,9
53033008700,2016-01-01,0,9
53033008700,2017-01-01,1,10
53033008700,2018-01-01,3,13
53033008800,2003-01-01,0,0
53033008800,2004-01-01,0,0
53033008800,2005-01-01,0,0
53033008800,2006-01-01,0,0
53033008800,2007-01-01,0,0
53033008800,2008-01-01,0,0
53033008800,2009-01-01,0,0
53033008800,2010-01-01,2,2
53033008800,2011-01-01,0,2
53033008800,2012-01-01,1,3
53033008800,2013-01-01,4,7
53033008800,2014-01-01,9,16
53033008800,2015-01-01,2,18
53033008800,2016-01-01,5,23
53033008800,2017-01-01,3,26
53033008800,2018-01-01,2,28
53033008900,2003-01-01,0,0
53033008900,2004-01-01,0,0
53033008900,2005-01-01,0,0
53033008900,2006-01-01,0,0
53033008900,2007-01-01,2,2
53033008900,2008-01-01,1,3
53033008900,2009-01-01,0,3
53033008900,2010-01-01,2,5
53033008900,2011-01-01,2,7
53033008900,2012-01-01,3,10
53033008900,2013-01-01,9,19
53033008900,2014-01-01,9,28
53033008900,2015-01-01,4,32
53033008900,2016-01-01,5,37
53033008900,2017-01-01,6,43
53033008900,2018-01-01,4,47
53033009000,2003-01-01,0,0
53033009000,2004-01-01,0,0
53033009000,2005-01-01,0,0
53033009000,2006-01-01,0,0
53033009000,2007-01-01,0,0
53033009000,2008-01-01,0,0
53033009000,2009-01-01,0,0
53033009000,2010-01-01,1,1
53033009000,2011-01-01,0,1
53033009000,2012-01-01,1,2
53033009000,2013-01-01,0,2
53033009000,2014-01-01,1,3
53033009000,2015-01-01,0,3
53033009000,2016-01-01,3,6
53033009000,2017-01-01,0,6
53033009000,2018-01-01,1,7
53033009200,2003-01-01,0,0
53033009200,2004-01-01,0,0
53033009200,2005-01-01,0,0
53033009200,2006-01-01,0,0
53033009200,2007-01-01,0,0
53033009200,2008-01-01,0,0
53033009200,2009-01-01,0,0
53033009200,2010-01-01,1,1
53033009200,2011-01-01,0,1
53033009200,2012-01-01,0,1
53033009200,2013-01-01,0,1
53033009200,2014-01-01,0,1
53033009200,2015-01-01,0,1
53033009200,2016-01-01,0,1
53033009200,2017-01-01,0,1
53033009200,2018-01-01,0,1
53033009300,2003-01-01,0,0
53033009300,2004-01-01,0,0
53033009300,2005-01-01,0,0
53033009300,2006-01-01,0,0
53033009300,2007-01-01,0,0
53033009300,2008-01-01,0,0
53033009300,2009-01-01,0,0
53033009300,2010-01-01,0,0
53033009300,2011-01-01,0,0
53033009300,2012-01-01,0,0
53033009300,2013-01-01,2,2
53033009300,2014-01-01,2,4
53033009300,2015-01-01,2,6
53033009300,2016-01-01,0,6
53033009300,2017-01-01,1,7
53033009300,2018-01-01,0,7
53033009400,2003-01-01,0,0
53033009400,2004-01-01,0,0
53033009400,2005-01-01,0,0
53033009400,2006-01-01,0,0
53033009400,2007-01-01,0,0
53033009400,2008-01-01,0,0
53033009400,2009-01-01,0,0
53033009400,2010-01-01,1,1
53033009400,2011-01-01,0,1
53033009400,2012-01-01,1,2
53033009400,2013-01-01,2,4
53033009400,2014-01-01,8,12
53033009400,2015-01-01,3,15
53033009400,2016-01-01,1,16
53033009400,2017-01-01,2,18
53033009400,2018-01-01,1,19
53033009500,2003-01-01,0,0
53033009500,2004-01-01,0,0
53033009500,2005-01-01,0,0
53033009500,2006-01-01,0,0
53033009500,2007-01-01,1,1
53033009500,2008-01-01,0,1
53033009500,2009-01-01,1,2
53033009500,2010-01-01,0,2
53033009500,2011-01-01,0,2
53033009500,2012-01-01,1,3
53033009500,2013-01-01,11,14
53033009500,2014-01-01,15,29
53033009500,2015-01-01,11,40
53033009500,2016-01-01,2,42
53033009500,2017-01-01,6,48
53033009500,2018-01-01,7,55
53033009600,2003-01-01,0,0
53033009600,2004-01-01,0,0
53033009600,2005-01-01,0,0
53033009600,2006-01-01,1,1
53033009600,2007-01-01,1,2
53033009600,2008-01-01,0,2
53033009600,2009-01-01,1,3
53033009600,2010-01-01,0,3
53033009600,2011-01-01,1,4
53033009600,2012-01-01,2,6
53033009600,2013-01-01,3,9
53033009600,2014-01-01,2,11
53033009600,2015-01-01,7,18
53033009600,2016-01-01,4,22
53033009600,2017-01-01,5,27
53033009600,2018-01-01,5,32
53033009701,2003-01-01,0,0
53033009701,2004-01-01,0,0
53033009701,2005-01-01,0,0
53033009701,2006-01-01,0,0
53033009701,2007-01-01,0,0
53033009701,2008-01-01,0,0
53033009701,2009-01-01,0,0
53033009701,2010-01-01,1,1
53033009701,2011-01-01,1,2
53033009701,2012-01-01,2,4
53033009701,2013-01-01,3,7
53033009701,2014-01-01,6,13
53033009701,2015-01-01,5,18
53033009701,2016-01-01,2,20
53033009701,2017-01-01,4,24
53033009701,2018-01-01,3,27
53033009702,2003-01-01,0,0
53033009702,2004-01-01,0,0
53033009702,2005-01-01,0,0
53033009702,2006-01-01,0,0
53033009702,2007-01-01,0,0
53033009702,2008-01-01,0,0
53033009702,2009-01-01,1,1
53033009702,2010-01-01,0,1
53033009702,2011-01-01,0,1
53033009702,2012-01-01,3,4
53033009702,2013-01-01,1,5
53033009702,2014-01-01,6,11
53033009702,2015-01-01,13,24
53033009702,2016-01-01,9,33
53033009702,2017-01-01,9,42
53033009702,2018-01-01,3,45
53033009800,2003-01-01,0,0
53033009800,2004-01-01,0,0
53033009800,2005-01-01,0,0
53033009800,2006-01-01,0,0
53033009800,2007-01-01,0,0
53033009800,2008-01-01,0,0
53033009800,2009-01-01,1,1
53033009800,2010-01-01,0,1
53033009800,2011-01-01,1,2
53033009800,2012-01-01,2,4
53033009800,2013-01-01,3,7
53033009800,2014-01-01,5,12
53033009800,2015-01-01,8,20
53033009800,2016-01-01,5,25
53033009800,2017-01-01,4,29
53033009800,2018-01-01,3,32
53033009900,2003-01-01,0,0
53033009900,2004-01-01,1,1
53033009900,2005-01-01,0,1
53033009900,2006-01-01,0,1
53033009900,2007-01-01,0,1
53033009900,2008-01-01,0,1
53033009900,2009-01-01,1,2
53033009900,2010-01-01,0,2
53033009900,2011-01-01,0,2
53033009900,2012-01-01,0,2
53033009900,2013-01-01,2,4
53033009900,2014-01-01,5,9
53033009900,2015-01-01,4,13
53033009900,2016-01-01,1,14
53033009900,2017-01-01,3,17
53033009900,2018-01-01,2,19
53033010001,2003-01-01,0,0
53033010001,2004-01-01,0,0
53033010001,2005-01-01,0,0
53033010001,2006-01-01,1,1
53033010001,2007-01-01,0,1
53033010001,2008-01-01,0,1
53033010001,2009-01-01,0,1
53033010001,2010-01-01,0,1
53033010001,2011-01-01,0,1
53033010001,2012-01-01,0,1
53033010001,2013-01-01,5,6
53033010001,2014-01-01,4,10
53033010001,2015-01-01,0,10
53033010001,2016-01-01,2,12
53033010001,2017-01-01,3,15
53033010001,2018-01-01,4,19
53033010002,2003-01-01,0,0
53033010002,2004-01-01,0,0
53033010002,2005-01-01,0,0
53033010002,2006-01-01,0,0
53033010002,2007-01-01,0,0
53033010002,2008-01-01,0,0
53033010002,2009-01-01,0,0
53033010002,2010-01-01,1,1
53033010002,2011-01-01,0,1
53033010002,2012-01-01,0,1
53033010002,2013-01-01,5,6
53033010002,2014-01-01,6,12
53033010002,2015-01-01,6,18
53033010002,2016-01-01,1,19
53033010002,2017-01-01,1,20
53033010002,2018-01-01,3,23
53033010100,2003-01-01,0,0
53033010100,2004-01-01,0,0
53033010100,2005-01-01,0,0
53033010100,2006-01-01,1,1
53033010100,2007-01-01,0,1
53033010100,2008-01-01,1,2
53033010100,2009-01-01,0,2
53033010100,2010-01-01,1,3
53033010100,2011-01-01,6,9
53033010100,2012-01-01,2,11
53033010100,2013-01-01,7,18
53033010100,2014-01-01,27,45
53033010100,2015-01-01,13,58
53033010100,2016-01-01,10,68
53033010100,2017-01-01,9,77
53033010100,2018-01-01,9,86
53033010200,2003-01-01,0,0
53033010200,2004-01-01,0,0
53033010200,2005-01-01,0,0
53033010200,2006-01-01,0,0
53033010200,2007-01-01,1,1
53033010200,2008-01-01,0,1
53033010200,2009-01-01,1,2
53033010200,2010-01-01,1,3
53033010200,2011-01-01,0,3
53033010200,2012-01-01,2,5
53033010200,2013-01-01,8,13
53033010200,2014-01-01,12,25
53033010200,2015-01-01,10,35
53033010200,2016-01-01,5,40
53033010200,2017-01-01,6,46
53033010200,2018-01-01,5,51
53033010300,2003-01-01,0,0
53033010300,2004-01-01,0,0
53033010300,2005-01-01,0,0
53033010300,2006-01-01,0,0
53033010300,2007-01-01,0,0
53033010300,2008-01-01,0,0
53033010300,2009-01-01,1,1
53033010300,2010-01-01,0,1
53033010300,2011-01-01,0,1
53033010300,2012-01-01,0,1
53033010300,2013-01-01,4,5
53033010300,2014-01-01,10,15
53033010300,2015-01-01,9,24
53033010300,2016-01-01,10,34
53033010300,2017-01-01,1,35
53033010300,2018-01-01,6,41
53033010401,2003-01-01,0,0
53033010401,2004-01-01,0,0
53033010401,2005-01-01,0,0
53033010401,2006-01-01,0,0
53033010401,2007-01-01,0,0
53033010401,2008-01-01,0,0
53033010401,2009-01-01,0,0
53033010401,2010-01-01,0,0
53033010401,2011-01-01,0,0
53033010401,2012-01-01,0,0
53033010401,2013-01-01,4,4
53033010401,2014-01-01,4,8
53033010401,2015-01-01,3,11
53033010401,2016-01-01,0,11
53033010401,2017-01-01,2,13
53033010401,2018-01-01,2,15
53033010402,2003-01-01,0,0
53033010402,2004-01-01,0,0
53033010402,2005-01-01,0,0
53033010402,2006-01-01,0,0
53033010402,2007-01-01,0,0
53033010402,2008-01-01,0,0
53033010402,2009-01-01,0,0
53033010402,2010-01-01,0,0
53033010402,2011-01-01,0,0
53033010402,2012-01-01,1,1
53033010402,2013-01-01,1,2
53033010402,2014-01-01,3,5
53033010402,2015-01-01,3,8
53033010402,2016-01-01,4,12
53033010402,2017-01-01,3,15
53033010402,2018-01-01,0,15
53033010500,2003-01-01,0,0
53033010500,2004-01-01,0,0
53033010500,2005-01-01,0,0
53033010500,2006-01-01,0,0
53033010500,2007-01-01,0,0
53033010500,2008-01-01,0,0
53033010500,2009-01-01,1,1
53033010500,2010-01-01,3,4
53033010500,2011-01-01,2,6
53033010500,2012-01-01,2,8
53033010500,2013-01-01,1,9
53033010500,2014-01-01,4,13
53033010500,2015-01-01,8,21
53033010500,2016-01-01,5,26
53033010500,2017-01-01,4,30
53033010500,2018-01-01,7,37
53033010600,2003-01-01,0,0
53033010600,2004-01-01,0,0
53033010600,2005-01-01,0,0
53033010600,2006-01-01,0,0
53033010600,2007-01-01,1,1
53033010600,2008-01-01,0,1
53033010600,2009-01-01,2,3
53033010600,2010-01-01,2,5
53033010600,2011-01-01,3,8
53033010600,2012-01-01,2,10
53033010600,2013-01-01,5,15
53033010600,2014-01-01,10,25
53033010600,2015-01-01,12,37
53033010600,2016-01-01,8,45
53033010600,2017-01-01,7,52
53033010600,2018-01-01,5,57
53033010701,2003-01-01,0,0
53033010701,2004-01-01,0,0
53033010701,2005-01-01,0,0
53033010701,2006-01-01,0,0
53033010701,2007-01-01,0,0
53033010701,2008-01-01,0,0
53033010701,2009-01-01,1,1
53033010701,2010-01-01,0,1
53033010701,2011-01-01,1,2
53033010701,2012-01-01,0,2
53033010701,2013-01-01,0,2
53033010701,2014-01-01,0,2
53033010701,2015-01-01,2,4
53033010701,2016-01-01,2,6
53033010701,2017-01-01,1,7
53033010701,2018-01-01,2,9
53033010702,2003-01-01,0,0
53033010702,2004-01-01,0,0
53033010702,2005-01-01,0,0
53033010702,2006-01-01,0,0
53033010702,2007-01-01,1,1
53033010702,2008-01-01,0,1
53033010702,2009-01-01,0,1
53033010702,2010-01-01,0,1
53033010702,2011-01-01,2,3
53033010702,2012-01-01,1,4
53033010702,2013-01-01,2,6
53033010702,2014-01-01,2,8
53033010702,2015-01-01,2,10
53033010702,2016-01-01,0,10
53033010702,2017-01-01,0,10
53033010702,2018-01-01,1,11
53033010800,2003-01-01,0,0
53033010800,2004-01-01,0,0
53033010800,2005-01-01,1,1
53033010800,2006-01-01,0,1
53033010800,2007-01-01,1,2
53033010800,2008-01-01,0,2
53033010800,2009-01-01,0,2
53033010800,2010-01-01,0,2
53033010800,2011-01-01,1,3
53033010800,2012-01-01,3,6
53033010800,2013-01-01,1,7
53033010800,2014-01-01,1,8
53033010800,2015-01-01,16,24
53033010800,2016-01-01,4,28
53033010800,2017-01-01,5,33
53033010800,2018-01-01,4,37
53033010900,2003-01-01,0,0
53033010900,2004-01-01,0,0
53033010900,2005-01-01,0,0
53033010900,2006-01-01,0,0
53033010900,2007-01-01,0,0
53033010900,2008-01-01,0,0
53033010900,2009-01-01,0,0
53033010900,2010-01-01,0,0
53033010900,2011-01-01,0,0
53033010900,2012-01-01,1,1
53033010900,2013-01-01,0,1
53033010900,2014-01-01,1,2
53033010900,2015-01-01,3,5
53033010900,2016-01-01,1,6
53033010900,2017-01-01,2,8
53033010900,2018-01-01,2,10
53033011001,2003-01-01,0,0
53033011001,2004-01-01,0,0
53033011001,2005-01-01,0,0
53033011001,2006-01-01,0,0
53033011001,2007-01-01,0,0
53033011001,2008-01-01,0,0
53033011001,2009-01-01,0,0
53033011001,2010-01-01,0,0
53033011001,2011-01-01,0,0
53033011001,2012-01-01,0,0
53033011001,2013-01-01,1,1
53033011001,2014-01-01,5,6
53033011001,2015-01-01,2,8
53033011001,2016-01-01,1,9
53033011001,2017-01-01,0,9
53033011001,2018-01-01,0,9
53033011002,2003-01-01,0,0
53033011002,2004-01-01,0,0
53033011002,2005-01-01,0,0
53033011002,2006-01-01,0,0
53033011002,2007-01-01,0,0
53033011002,2008-01-01,0,0
53033011002,2009-01-01,0,0
53033011002,2010-01-01,0,0
53033011002,2011-01-01,0,0
53033011002,2012-01-01,0,0
53033011002,2013-01-01,0,0
53033011002,2014-01-01,0,0
53033011002,2015-01-01,0,0
53033011002,2016-01-01,1,1
53033011002,2017-01-01,0,1
53033011002,2018-01-01,1,2
53033011101,2003-01-01,0,0
53033011101,2004-01-01,0,0
53033011101,2005-01-01,0,0
53033011101,2006-01-01,0,0
53033011101,2007-01-01,0,0
53033011101,2008-01-01,0,0
53033011101,2009-01-01,0,0
53033011101,2010-01-01,0,0
53033011101,2011-01-01,0,0
53033011101,2012-01-01,0,0
53033011101,2013-01-01,0,0
53033011101,2014-01-01,3,3
53033011101,2015-01-01,0,3
53033011101,2016-01-01,2,5
53033011101,2017-01-01,3,8
53033011101,2018-01-01,3,11
53033011102,2003-01-01,0,0
53033011102,2004-01-01,0,0
53033011102,2005-01-01,0,0
53033011102,2006-01-01,0,0
53033011102,2007-01-01,0,0
53033011102,2008-01-01,2,2
53033011102,2009-01-01,2,4
53033011102,2010-01-01,0,4
53033011102,2011-01-01,0,4
53033011102,2012-01-01,0,4
53033011102,2013-01-01,2,6
53033011102,2014-01-01,6,12
53033011102,2015-01-01,4,16
53033011102,2016-01-01,3,19
53033011102,2017-01-01,1,20
53033011102,2018-01-01,1,21
53033011200,2003-01-01,0,0
53033011200,2004-01-01,0,0
53033011200,2005-01-01,0,0
53033011200,2006-01-01,0,0
53033011200,2007-01-01,0,0
53033011200,2008-01-01,2,2
53033011200,2009-01-01,0,2
53033011200,2010-01-01,0,2
53033011200,2011-01-01,0,2
53033011200,2012-01-01,1,3
53033011200,2013-01-01,0,3
53033011200,2014-01-01,1,4
53033011200,2015-01-01,1,5
53033011200,2016-01-01,0,5
53033011200,2017-01-01,1,6
53033011200,2018-01-01,3,9
53033011300,2003-01-01,0,0
53033011300,2004-01-01,0,0
53033011300,2005-01-01,0,0
53033011300,2006-01-01,0,0
53033011300,2007-01-01,0,0
53033011300,2008-01-01,0,0
53033011300,2009-01-01,0,0
53033011300,2010-01-01,0,0
53033011300,2011-01-01,0,0
53033011300,2012-01-01,1,1
53033011300,2013-01-01,2,3
53033011300,2014-01-01,4,7
53033011300,2015-01-01,8,15
53033011300,2016-01-01,2,17
53033011300,2017-01-01,3,20
53033011300,2018-01-01,5,25
53033011401,2003-01-01,0,0
53033011401,2004-01-01,0,0
53033011401,2005-01-01,0,0
53033011401,2006-01-01,0,0
53033011401,2007-01-01,0,0
53033011401,2008-01-01,0,0
53033011401,2009-01-01,0,0
53033011401,2010-01-01,0,0
53033011401,2011-01-01,1,1
53033011401,2012-01-01,1,2
53033011401,2013-01-01,0,2
53033011401,2014-01-01,5,7
53033011401,2015-01-01,3,10
53033011401,2016-01-01,0,10
53033011401,2017-01-01,1,11
53033011401,2018-01-01,1,12
53033011402,2003-01-01,0,0
53033011402,2004-01-01,0,0
53033011402,2005-01-01,0,0
53033011402,2006-01-01,0,0
53033011402,2007-01-01,0,0
53033011402,2008-01-01,0,0
53033011402,2009-01-01,0,0
53033011402,2010-01-01,0,0
53033011402,2011-01-01,0,0
53033011402,2012-01-01,0,0
53033011402,2013-01-01,0,0
53033011402,2014-01-01,0,0
53033011402,2015-01-01,1,1
53033011402,2016-01-01,1,2
53033011402,2017-01-01,0,2
53033011402,2018-01-01,2,4
53033011500,2003-01-01,0,0
53033011500,2004-01-01,0,0
53033011500,2005-01-01,0,0
53033011500,2006-01-01,0,0
53033011500,2007-01-01,0,0
53033011500,2008-01-01,0,0
53033011500,2009-01-01,0,0
53033011500,2010-01-01,0,0
53033011500,2011-01-01,2,2
53033011500,2012-01-01,2,4
53033011500,2013-01-01,0,4
53033011500,2014-01-01,5,9
53033011500,2015-01-01,3,12
53033011500,2016-01-01,0,12
53033011500,2017-01-01,3,15
53033011500,2018-01-01,2,17
53033011600,2003-01-01,0,0
53033011600,2004-01-01,0,0
53033011600,2005-01-01,0,0
53033011600,2006-01-01,1,1
53033011600,2007-01-01,0,1
53033011600,2008-01-01,1,2
53033011600,2009-01-01,2,4
53033011600,2010-01-01,0,4
53033011600,2011-01-01,0,4
53033011600,2012-01-01,6,10
53033011600,2013-01-01,4,14
53033011600,2014-01-01,4,18
53033011600,2015-01-01,9,27
53033011600,2016-01-01,5,32
53033011600,2017-01-01,10,42
53033011600,2018-01-01,5,47
53033011700,2003-01-01,0,0
53033011700,2004-01-01,0,0
53033011700,2005-01-01,0,0
53033011700,2006-01-01,0,0
53033011700,2007-01-01,0,0
53033011700,2008-01-01,0,0
53033011700,2009-01-01,1,1
53033011700,2010-01-01,0,1
53033011700,2011-01-01,0,1
53033011700,2012-01-01,0,1
53033011700,2013-01-01,1,2
53033011700,2014-01-01,2,4
53033011700,2015-01-01,3,7
53033011700,2016-01-01,0,7
53033011700,2017-01-01,2,9
53033011700,2018-01-01,2,11
53033011800,2003-01-01,0,0
53033011800,2004-01-01,0,0
53033011800,2005-01-01,0,0
53033011800,2006-01-01,0,0
53033011800,2007-01-01,0,0
53033011800,2008-01-01,1,1
53033011800,2009-01-01,2,3
53033011800,2010-01-01,0,3
53033011800,2011-01-01,1,4
53033011800,2012-01-01,0,4
53033011800,2013-01-01,1,5
53033011800,2014-01-01,6,11
53033011800,2015-01-01,3,14
53033011800,2016-01-01,4,18
53033011800,2017-01-01,2,20
53033011800,2018-01-01,2,22
53033011900,2003-01-01,0,0
53033011900,2004-01-01,0,0
53033011900,2005-01-01,0,0
53033011900,2006-01-01,0,0
53033011900,2007-01-01,0,0
53033011900,2008-01-01,0,0
53033011900,2009-01-01,0,0
53033011900,2010-01-01,0,0
53033011900,2011-01-01,0,0
53033011900,2012-01-01,0,0
53033011900,2013-01-01,2,2
53033011900,2014-01-01,7,9
53033011900,2015-01-01,2,11
53033011900,2016-01-01,4,15
53033011900,2017-01-01,3,18
53033011900,2018-01-01,3,21
53033012000,2003-01-01,0,0
53033012000,2004-01-01,0,0
53033012000,2005-01-01,0,0
53033012000,2006-01-01,0,0
53033012000,2007-01-01,1,1
53033012000,2008-01-01,0,1
53033012000,2009-01-01,0,1
53033012000,2010-01-01,0,1
53033012000,2011-01-01,0,1
53033012000,2012-01-01,1,2
53033012000,2013-01-01,1,3
53033012000,2014-01-01,4,7
53033012000,2015-01-01,5,12
53033012000,2016-01-01,1,13
53033012000,2017-01-01,4,17
53033012000,2018-01-01,1,18
53033012100,2003-01-01,0,0
53033012100,2004-01-01,0,0
53033012100,2005-01-01,0,0
53033012100,2006-01-01,0,0
53033012100,2007-01-01,0,0
53033012100,2008-01-01,0,0
53033012100,2009-01-01,4,4
53033012100,2010-01-01,1,5
53033012100,2011-01-01,0,5
53033012100,2012-01-01,1,6
53033012100,2013-01-01,0,6
53033012100,2014-01-01,6,12
53033012100,2015-01-01,5,17
53033012100,2016-01-01,7,24
53033012100,2017-01-01,3,27
53033012100,2018-01-01,3,30
